BIN,Brand,Type,Category,Issuer,IssuerPhone,IssuerUrl,isoCode2,isoCode3,CountryName
2102,PRIVATE LABEL,CREDIT,STANDARD,CHINA MERCHANTS BANK,95555,https://english.cmbchina.com,CN,CHN,CHINA
2195,PRIVATE LABEL,DEBIT,,CHINA MERCHANTS BANK,95555,https://english.cmbchina.com,CN,CHN,CHINA
2201,PRIVATE LABEL,DEBIT,,CHINA MERCHANTS BANK,95555,https://english.cmbchina.com,CN,CHN,CHINA
2239,PRIVATE LABEL,DEBIT,,CHINA MERCHANTS BANK,95555,https://english.cmbchina.com,CN,CHN,CHINA
2361,PRIVATE LABEL,CREDIT,STANDARD,CHINA MERCHANTS BANK,95555,https://english.cmbchina.com,CN,CHN,CHINA
4078,PRIVATE LABEL,DEBIT,GIFT,SHIFT4 PAYMENTS,,,US,USA,UNITED STATES
4080,PRIVATE LABEL,DEBIT,GIFT,SHIFT4 PAYMENTS,,,US,USA,UNITED STATES
7343,PRIVATE LABEL,DEBIT,,BANCO PAN,+551732119961,,BR,BRA,BRAZIL
10051,PAGOBANCOMAT,DEBIT,,,,,IT,ITA,ITALY
10053,PAGOBANCOMAT,DEBIT,,,,,IT,ITA,ITALY
10108,PAGOBANCOMAT,DEBIT,,,,,IT,ITA,ITALY
10150,PAGOBANCOMAT,DEBIT,,,,,IT,ITA,ITALY
10258,PAGOBANCOMAT,DEBIT,,,,,IT,ITA,ITALY
10300,PAGOBANCOMAT,DEBIT,,,,,IT,ITA,ITALY
10309,PAGOBANCOMAT,DEBIT,,,,,IT,ITA,ITALY
11300,LOCAL BRAND,DEBIT,PROPRIETARY ATM,"BDO UNIBANK, INC.",,,PH,PHL,PHILIPPINES
11301,LOCAL BRAND,DEBIT,PROPRIETARY ATM,"BDO UNIBANK, INC.",,,PH,PHL,PHILIPPINES
11302,LOCAL BRAND,DEBIT,PROPRIETARY ATM,"BDO UNIBANK, INC.",,,PH,PHL,PHILIPPINES
11303,LOCAL BRAND,DEBIT,PROPRIETARY ATM,"BDO UNIBANK, INC.",,,PH,PHL,PHILIPPINES
11304,LOCAL BRAND,DEBIT,PROPRIETARY ATM,"BDO UNIBANK, INC.",,,PH,PHL,PHILIPPINES
11305,LOCAL BRAND,DEBIT,PROPRIETARY ATM,"BDO UNIBANK, INC.",,,PH,PHL,PHILIPPINES
11306,LOCAL BRAND,DEBIT,PROPRIETARY ATM,"BDO UNIBANK, INC.",,,PH,PHL,PHILIPPINES
11308,LOCAL BRAND,DEBIT,PROPRIETARY ATM,"BDO UNIBANK, INC.",,,PH,PHL,PHILIPPINES
11309,LOCAL BRAND,DEBIT,PROPRIETARY ATM,"BDO UNIBANK, INC.",,,PH,PHL,PHILIPPINES
12004,PRIVATE LABEL,DEBIT,,TBI BANK,,,BG,BGR,BULGARIA
12047,PRIVATE LABEL,DEBIT,,BANCO DE CREDITO ARGENTINO,,,AR,ARG,ARGENTINA
20010,PRIVATE LABEL,DEBIT,,INDUSTRIAL AND COMMERCIAL BANK OF CHINA,+864006695588,http://www.icbc-ltd.com,CN,CHN,CHINA
20083,PAGOBANCOMAT,DEBIT,,,,,IT,ITA,ITALY
20084,PAGOBANCOMAT,DEBIT,,,,,IT,ITA,ITALY
20085,PAGOBANCOMAT,DEBIT,,,,,IT,ITA,ITALY
20089,PAGOBANCOMAT,DEBIT,,,,,IT,ITA,ITALY
20202,PRIVATE LABEL,DEBIT,INTERNET BANKING CODE CARD,CHINA CONSTRUCTION BANK,(852) 277 95533 OR (852) 317 95533,http://en.ccb.com,CN,CHN,CHINA
21080,PRIVATE LABEL,DEBIT,,BANCO PICHINCHA,,,EC,ECU,ECUADOR
21502,LOCAL BRAND,DEBIT,PROPRIETARY ATM,,,,PR,PRI,PUERTO RICO
22004,PRIVATE LABEL,DEBIT,,TBI BANK,,,BG,BGR,BULGARIA
26688,PRIVATE LABEL,DEBIT,GIFT,SHIFT4 PAYMENTS,,,US,USA,UNITED STATES
30150,PAGOBANCOMAT,DEBIT,,,,,IT,ITA,ITALY
30190,PAGOBANCOMAT,DEBIT,,,,,IT,ITA,ITALY
30320,PAGOBANCOMAT,DEBIT,,,,,IT,ITA,ITALY
30430,PAGOBANCOMAT,DEBIT,,,,,IT,ITA,ITALY
30439,PAGOBANCOMAT,DEBIT,,,,,IT,ITA,ITALY
30480,PAGOBANCOMAT,DEBIT,,,,,IT,ITA,ITALY
30583,PAGOBANCOMAT,DEBIT,,,,,IT,ITA,ITALY
30589,PAGOBANCOMAT,DEBIT,,,,,IT,ITA,ITALY
30590,PAGOBANCOMAT,DEBIT,,,,,IT,ITA,ITALY
30620,PAGOBANCOMAT,DEBIT,,,,,IT,ITA,ITALY
30670,PAGOBANCOMAT,DEBIT,,,,,IT,ITA,ITALY
30690,PAGOBANCOMAT,DEBIT,,,,,IT,ITA,ITALY
30750,PAGOBANCOMAT,DEBIT,,,,,IT,ITA,ITALY
30830,PAGOBANCOMAT,DEBIT,,,,,IT,ITA,ITALY
30836,PAGOBANCOMAT,DEBIT,,,,,IT,ITA,ITALY
30870,PAGOBANCOMAT,DEBIT,,,,,IT,ITA,ITALY
31040,PAGOBANCOMAT,DEBIT,,,,,IT,ITA,ITALY
31110,PAGOBANCOMAT,DEBIT,,,,,IT,ITA,ITALY
31240,PAGOBANCOMAT,DEBIT,,,,,IT,ITA,ITALY
31260,PAGOBANCOMAT,DEBIT,,,,,IT,ITA,ITALY
31270,PAGOBANCOMAT,DEBIT,,,,,IT,ITA,ITALY
31380,PAGOBANCOMAT,DEBIT,,,,,IT,ITA,ITALY
31580,PAGOBANCOMAT,DEBIT,,,,,IT,ITA,ITALY
31599,PAGOBANCOMAT,DEBIT,,,,,IT,ITA,ITALY
31850,PAGOBANCOMAT,DEBIT,,,,,IT,ITA,ITALY
32004,PRIVATE LABEL,DEBIT,,TBI BANK,,,BG,BGR,BULGARIA
32005,PRIVATE LABEL,DEBIT,,TBI BANK,,,BG,BGR,BULGARIA
32040,PAGOBANCOMAT,DEBIT,,,,,IT,ITA,ITALY
32050,PAGOBANCOMAT,DEBIT,,,,,IT,ITA,ITALY
32115,PAGOBANCOMAT,DEBIT,,,,,IT,ITA,ITALY
32390,PAGOBANCOMAT,DEBIT,,,,,IT,ITA,ITALY
32400,PAGOBANCOMAT,DEBIT,,,,,IT,ITA,ITALY
32420,PAGOBANCOMAT,DEBIT,,,,,IT,ITA,ITALY
32440,PAGOBANCOMAT,DEBIT,,,,,IT,ITA,ITALY
32500,PAGOBANCOMAT,DEBIT,,,,,IT,ITA,ITALY
32630,PAGOBANCOMAT,DEBIT,,,,,IT,ITA,ITALY
32681,PAGOBANCOMAT,DEBIT,,,,,IT,ITA,ITALY
32682,PAGOBANCOMAT,DEBIT,,,,,IT,ITA,ITALY
32685,PAGOBANCOMAT,DEBIT,,,,,IT,ITA,ITALY
32968,PAGOBANCOMAT,DEBIT,,,,,IT,ITA,ITALY
33320,PAGOBANCOMAT,DEBIT,,,,,IT,ITA,ITALY
33870,PAGOBANCOMAT,DEBIT,,,,,IT,ITA,ITALY
33990,PAGOBANCOMAT,DEBIT,,,,,IT,ITA,ITALY
34000,PAGOBANCOMAT,DEBIT,,,,,IT,ITA,ITALY
34029,PAGOBANCOMAT,DEBIT,,,,,IT,ITA,ITALY
34030,PAGOBANCOMAT,DEBIT,,,,,IT,ITA,ITALY
34253,PAGOBANCOMAT,DEBIT,,,,,IT,ITA,ITALY
34310,PAGOBANCOMAT,DEBIT,,,,,IT,ITA,ITALY
34400,PAGOBANCOMAT,DEBIT,,,,,IT,ITA,ITALY
34420,PAGOBANCOMAT,DEBIT,,,,,IT,ITA,ITALY
34880,PAGOBANCOMAT,DEBIT,,,,,IT,ITA,ITALY
34938,PAGOBANCOMAT,DEBIT,,,,,IT,ITA,ITALY
35000,PAGOBANCOMAT,DEBIT,,,,,IT,ITA,ITALY
35899,PAGOBANCOMAT,DEBIT,,,,,IT,ITA,ITALY
35980,PAGOBANCOMAT,DEBIT,,,,,IT,ITA,ITALY
35990,PAGOBANCOMAT,DEBIT,,,,,IT,ITA,ITALY
40094,PRIVATE LABEL,DEBIT,,BNP PARIBAS FORTIS,+3227626000,http://www.bnpparibasfortis.be,BE,BEL,BELGIUM
42005,PRIVATE LABEL,DEBIT,,TBI BANK,,,BG,BGR,BULGARIA
50000,PAGOBANCOMAT,DEBIT,,,,,IT,ITA,ITALY
50340,PAGOBANCOMAT,DEBIT,,,,,IT,ITA,ITALY
50349,PAGOBANCOMAT,DEBIT,,,,,IT,ITA,ITALY
50360,PAGOBANCOMAT,DEBIT,,,,,IT,ITA,ITALY
50409,PAGOBANCOMAT,DEBIT,,,,,IT,ITA,ITALY
50489,PAGOBANCOMAT,DEBIT,,,,,IT,ITA,ITALY
50800,PAGOBANCOMAT,DEBIT,,,,,IT,ITA,ITALY
51040,PAGOBANCOMAT,DEBIT,,,,,IT,ITA,ITALY
51169,PAGOBANCOMAT,DEBIT,,,,,IT,ITA,ITALY
51425,PAGOBANCOMAT,DEBIT,,,,,IT,ITA,ITALY
51429,PAGOBANCOMAT,DEBIT,,,,,IT,ITA,ITALY
51560,PAGOBANCOMAT,DEBIT,,,,,IT,ITA,ITALY
52160,PAGOBANCOMAT,DEBIT,,,,,IT,ITA,ITALY
52560,PAGOBANCOMAT,DEBIT,,,,,IT,ITA,ITALY
52620,PAGOBANCOMAT,DEBIT,,,,,IT,ITA,ITALY
52960,PAGOBANCOMAT,DEBIT,,,,,IT,ITA,ITALY
52970,PAGOBANCOMAT,DEBIT,,,,,IT,ITA,ITALY
53089,PAGOBANCOMAT,DEBIT,,,,,IT,ITA,ITALY
53365,PAGOBANCOMAT,DEBIT,,,,,IT,ITA,ITALY
53366,PAGOBANCOMAT,DEBIT,,,,,IT,ITA,ITALY
53720,PAGOBANCOMAT,DEBIT,,,,,IT,ITA,ITALY
53850,PAGOBANCOMAT,DEBIT,,,,,IT,ITA,ITALY
53870,PAGOBANCOMAT,DEBIT,,,,,IT,ITA,ITALY
53901,PAGOBANCOMAT,DEBIT,,,,,IT,ITA,ITALY
53920,PAGOBANCOMAT,DEBIT,,,,,IT,ITA,ITALY
54140,PAGOBANCOMAT,DEBIT,,,,,IT,ITA,ITALY
54240,PAGOBANCOMAT,DEBIT,,,,,IT,ITA,ITALY
54280,PAGOBANCOMAT,DEBIT,,,,,IT,ITA,ITALY
54840,PAGOBANCOMAT,DEBIT,,,,,IT,ITA,ITALY
54960,PAGOBANCOMAT,DEBIT,,,,,IT,ITA,ITALY
55500,PAGOBANCOMAT,DEBIT,,,,,IT,ITA,ITALY
55840,PAGOBANCOMAT,DEBIT,,,,,IT,ITA,ITALY
55849,PAGOBANCOMAT,DEBIT,,,,,IT,ITA,ITALY
56400,PAGOBANCOMAT,DEBIT,,,,,IT,ITA,ITALY
56760,PAGOBANCOMAT,DEBIT,,,,,IT,ITA,ITALY
56960,PAGOBANCOMAT,DEBIT,,,,,IT,ITA,ITALY
57041,PAGOBANCOMAT,DEBIT,,,,,IT,ITA,ITALY
57155,PRIVATE LABEL,CREDIT,STANDARD,CHINA MERCHANTS BANK,95555,https://english.cmbchina.com,CN,CHN,CHINA
57488,PAGOBANCOMAT,DEBIT,,,,,IT,ITA,ITALY
57720,PAGOBANCOMAT,DEBIT,,,,,IT,ITA,ITALY
57725,PAGOBANCOMAT,DEBIT,,,,,IT,ITA,ITALY
57878,PAGOBANCOMAT,DEBIT,,,,,IT,ITA,ITALY
57920,PAGOBANCOMAT,DEBIT,,,,,IT,ITA,ITALY
58240,PAGOBANCOMAT,DEBIT,,,,,IT,ITA,ITALY
58569,PAGOBANCOMAT,DEBIT,,,,,IT,ITA,ITALY
60108,PAGOBANCOMAT,DEBIT,,,,,IT,ITA,ITALY
60300,PAGOBANCOMAT,DEBIT,,,,,IT,ITA,ITALY
60301,PAGOBANCOMAT,DEBIT,,,,,IT,ITA,ITALY
60400,PAGOBANCOMAT,DEBIT,,,,,IT,ITA,ITALY
60450,PAGOBANCOMAT,DEBIT,,,,,IT,ITA,ITALY
60500,PAGOBANCOMAT,DEBIT,,,,,IT,ITA,ITALY
60550,PAGOBANCOMAT,DEBIT,,,,,IT,ITA,ITALY
60552,PAGOBANCOMAT,DEBIT,,,,,IT,ITA,ITALY
60600,PAGOBANCOMAT,DEBIT,,,,,IT,ITA,ITALY
60650,PAGOBANCOMAT,DEBIT,,,,,IT,ITA,ITALY
60800,PAGOBANCOMAT,DEBIT,,,,,IT,ITA,ITALY
60850,PAGOBANCOMAT,DEBIT,,,,,IT,ITA,ITALY
60900,PAGOBANCOMAT,DEBIT,,,,,IT,ITA,ITALY
60950,PAGOBANCOMAT,DEBIT,,,,,IT,ITA,ITALY
61100,PAGOBANCOMAT,DEBIT,,,,,IT,ITA,ITALY
61150,PAGOBANCOMAT,DEBIT,,,,,IT,ITA,ITALY
61300,PAGOBANCOMAT,DEBIT,,,,,IT,ITA,ITALY
61450,PAGOBANCOMAT,DEBIT,,,,,IT,ITA,ITALY
61500,PAGOBANCOMAT,DEBIT,,,,,IT,ITA,ITALY
61551,PAGOBANCOMAT,DEBIT,,,,,IT,ITA,ITALY
61600,PAGOBANCOMAT,DEBIT,,,,,IT,ITA,ITALY
61650,PAGOBANCOMAT,DEBIT,,,,,IT,ITA,ITALY
61700,PAGOBANCOMAT,DEBIT,,,,,IT,ITA,ITALY
61750,PAGOBANCOMAT,DEBIT,,,,,IT,ITA,ITALY
61950,PAGOBANCOMAT,DEBIT,,,,,IT,ITA,ITALY
61952,PAGOBANCOMAT,DEBIT,,,,,IT,ITA,ITALY
62200,PAGOBANCOMAT,DEBIT,,,,,IT,ITA,ITALY
62258,PAGOBANCOMAT,DEBIT,,,,,IT,ITA,ITALY
62306,PAGOBANCOMAT,DEBIT,,,,,IT,ITA,ITALY
62307,PAGOBANCOMAT,DEBIT,,,,,IT,ITA,ITALY
62308,PAGOBANCOMAT,DEBIT,,,,,IT,ITA,ITALY
62450,PAGOBANCOMAT,DEBIT,,,,,IT,ITA,ITALY
62600,PAGOBANCOMAT,DEBIT,,,,,IT,ITA,ITALY
62700,PAGOBANCOMAT,DEBIT,,,,,IT,ITA,ITALY
62800,PAGOBANCOMAT,DEBIT,,,,,IT,ITA,ITALY
62950,PAGOBANCOMAT,DEBIT,,,,,IT,ITA,ITALY
63100,PAGOBANCOMAT,DEBIT,,,,,IT,ITA,ITALY
63150,PAGOBANCOMAT,DEBIT,,,,,IT,ITA,ITALY
63408,PAGOBANCOMAT,DEBIT,,,,,IT,ITA,ITALY
63458,PAGOBANCOMAT,DEBIT,,,,,IT,ITA,ITALY
63700,PAGOBANCOMAT,DEBIT,,,,,IT,ITA,ITALY
63800,PAGOBANCOMAT,DEBIT,,,,,IT,ITA,ITALY
63858,PAGOBANCOMAT,DEBIT,,,,,IT,ITA,ITALY
69060,PAGOBANCOMAT,DEBIT,,,,,IT,ITA,ITALY
69150,PAGOBANCOMAT,DEBIT,,,,,IT,ITA,ITALY
69300,PAGOBANCOMAT,DEBIT,,,,,IT,ITA,ITALY
72005,PRIVATE LABEL,DEBIT,,TBI BANK,,,BG,BGR,BULGARIA
80000,PAGOBANCOMAT,DEBIT,,,,,IT,ITA,ITALY
80004,PAGOBANCOMAT,DEBIT,,,,,IT,ITA,ITALY
84250,PAGOBANCOMAT,DEBIT,,,,,IT,ITA,ITALY
84610,PAGOBANCOMAT,DEBIT,,,,,IT,ITA,ITALY
85620,PAGOBANCOMAT,DEBIT,,,,,IT,ITA,ITALY
89310,PAGOBANCOMAT,DEBIT,,,,,IT,ITA,ITALY
95008,PAGOBANCOMAT,DEBIT,,,,,IT,ITA,ITALY
100001,LOCAL BRAND,DEBIT,CLASSIC,STATE BANK OF INDIA,+911800112211,https://sbi.co.in,IN,IND,INDIA
100002,LOCAL BRAND,DEBIT,CLASSIC,STATE BANK OF INDIA,+911800112211,https://sbi.co.in,IN,IND,INDIA
100003,LOCAL BRAND,DEBIT,CLASSIC,FEDERAL BANK,+9118004201199,https://www.federalbank.co.in,IN,IND,INDIA
100004,LOCAL BRAND,DEBIT,CLASSIC,CENTRAL BANK OF INDIA,+911800221911,https://www.centralbankofindia.co.in,IN,IND,INDIA
100005,LOCAL BRAND,DEBIT,CLASSIC,BANK OF INDIA,+9118001031906,https://www.bankofindia.co.in,IN,IND,INDIA
100006,LOCAL BRAND,DEBIT,PREPAID,UCO BANK,+9118002740123,https://www.ucobank.com,IN,IND,INDIA
100007,LOCAL BRAND,DEBIT,PREPAID,RBL BANK,+912261156300,https://www.rblbank.com,IN,IND,INDIA
100008,LOCAL BRAND,DEBIT,PREPAID,BANK OF INDIA,+9118001031906,https://www.bankofindia.co.in,IN,IND,INDIA
100011,LOCAL BRAND,DEBIT,PREPAID,RBL BANK,+912261156300,https://www.rblbank.com,IN,IND,INDIA
100013,LOCAL BRAND,DEBIT,PREPAID RELOADABLE,ANDHRA BANK,+9118004251515,https://www.andhrabank.in,IN,IND,INDIA
100014,LOCAL BRAND,DEBIT,CLASSIC,CANARA BANK,+9118004250018,https://www.canarabank.com,IN,IND,INDIA
100015,LOCAL BRAND,DEBIT,CLASSIC,CANARA BANK,+9118004250018,https://www.canarabank.com,IN,IND,INDIA
100016,LOCAL BRAND,DEBIT,PLATINUM,STATE BANK OF INDIA,+911800112211,https://sbi.co.in,IN,IND,INDIA
100017,LOCAL BRAND,DEBIT,PLATINUM,STATE BANK OF INDIA,+911800112211,https://sbi.co.in,IN,IND,INDIA
100018,LOCAL BRAND,DEBIT,PLATINUM,STATE BANK OF INDIA,+911800112211,https://sbi.co.in,IN,IND,INDIA
100019,LOCAL BRAND,DEBIT,PREPAID RELOADABLE,AXIS BANK,+9118002335577,http://www.axisbank.com,IN,IND,INDIA
100020,LOCAL BRAND,DEBIT,CLASSIC,PUNJAB NATIONAL BANK,+9118001802222,https://www.pnbindia.in,IN,IND,INDIA
100021,LOCAL BRAND,DEBIT,CLASSIC,STATE BANK OF INDIA,+911800112211,https://sbi.co.in,IN,IND,INDIA
100022,LOCAL BRAND,DEBIT,CLASSIC,STATE BANK OF INDIA,+911800112211,https://sbi.co.in,IN,IND,INDIA
100023,LOCAL BRAND,DEBIT,CLASSIC,STATE BANK OF INDIA,+911800112211,https://sbi.co.in,IN,IND,INDIA
100024,LOCAL BRAND,DEBIT,CLASSIC,DHANLAXMI BANK,+914876617000,http://www.dhanbank.com,IN,IND,INDIA
100025,LOCAL BRAND,DEBIT,CLASSIC,CANARA BANK,+9118004250018,https://www.canarabank.com,IN,IND,INDIA
100026,LOCAL BRAND,DEBIT,CLASSIC,BANK OF INDIA,+9118001031906,https://www.bankofindia.co.in,IN,IND,INDIA
100027,LOCAL BRAND,DEBIT,CLASSIC,UNITED BANK OF INDIA,+9118003450345,https://www.unitedbank.co.in,IN,IND,INDIA
100030,LOCAL BRAND,DEBIT,PREPAID,YES BANK,+918776598044,https://www.yesbank.in,IN,IND,INDIA
100031,LOCAL BRAND,DEBIT,PREPAID,AXIS BANK,+9118002335577,http://www.axisbank.com,IN,IND,INDIA
100032,LOCAL BRAND,DEBIT,PREPAID RELOADABLE,YES BANK,+918776598044,https://www.yesbank.in,IN,IND,INDIA
100033,LOCAL BRAND,DEBIT,PREPAID,ANDHRA BANK,+9118004251515,https://www.andhrabank.in,IN,IND,INDIA
100034,LOCAL BRAND,DEBIT,PLATINUM,CANARA BANK,+9118004250018,https://www.canarabank.com,IN,IND,INDIA
100035,LOCAL BRAND,DEBIT,CLASSIC,PUNJAB NATIONAL BANK,+9118001802222,https://www.pnbindia.in,IN,IND,INDIA
100036,LOCAL BRAND,DEBIT,CLASSIC,STATE BANK OF INDIA,+911800112211,https://sbi.co.in,IN,IND,INDIA
100037,LOCAL BRAND,DEBIT,CLASSIC,SHAMRAO VITHAL CO-OPERATIVE BANK,+912266999701,https://www.svcbank.com,IN,IND,INDIA
100038,LOCAL BRAND,DEBIT,CLASSIC,ICICI BANK,+918664242448,https://www.icicibank.com,IN,IND,INDIA
100039,LOCAL BRAND,DEBIT,CLASSIC,STATE BANK OF INDIA,+911800112211,https://sbi.co.in,IN,IND,INDIA
100075,PRIVATE LABEL,DEBIT,,CHINA CITIC BANK,22 876 767,https://www.cncbinternational.com,CN,CHN,CHINA
100100,UATP,CREDIT,UATP,AMERICAN AIRLINES (AA),+18004337300,https://www.aa.com,US,USA,UNITED STATES
100101,UATP,CREDIT,UATP,AMERICAN AIRLINES (AA),+18004337300,https://www.aa.com,US,USA,UNITED STATES
100102,UATP,CREDIT,UATP,AMERICAN AIRLINES (AA),+18004337300,https://www.aa.com,US,USA,UNITED STATES
100103,UATP,CREDIT,UATP,AMERICAN AIRLINES (AA),+18004337300,https://www.aa.com,US,USA,UNITED STATES
100104,UATP,CREDIT,UATP,AMERICAN AIRLINES (AA),+18004337300,https://www.aa.com,US,USA,UNITED STATES
100105,UATP,CREDIT,UATP,AMERICAN AIRLINES (AA),+18004337300,https://www.aa.com,US,USA,UNITED STATES
100106,UATP,CREDIT,UATP,AMERICAN AIRLINES (AA),+18004337300,https://www.aa.com,US,USA,UNITED STATES
100107,UATP,CREDIT,UATP,AMERICAN AIRLINES (AA),+18004337300,https://www.aa.com,US,USA,UNITED STATES
100108,UATP,CREDIT,UATP,AMERICAN AIRLINES (AA),+18004337300,https://www.aa.com,US,USA,UNITED STATES
100109,UATP,CREDIT,UATP,AMERICAN AIRLINES (AA),+18004337300,https://www.aa.com,US,USA,UNITED STATES
100110,UATP,CREDIT,UATP,AMERICAN AIRLINES (AA),+18004337300,https://www.aa.com,US,USA,UNITED STATES
100111,UATP,CREDIT,UATP,AMERICAN AIRLINES (AA),+18004337300,https://www.aa.com,US,USA,UNITED STATES
100112,UATP,CREDIT,UATP,AMERICAN AIRLINES (AA),+18004337300,https://www.aa.com,US,USA,UNITED STATES
100113,UATP,CREDIT,UATP,AMERICAN AIRLINES (AA),+18004337300,https://www.aa.com,US,USA,UNITED STATES
100114,UATP,CREDIT,UATP,AMERICAN AIRLINES (AA),+18004337300,https://www.aa.com,US,USA,UNITED STATES
100115,UATP,CREDIT,UATP,AMERICAN AIRLINES (AA),+18004337300,https://www.aa.com,US,USA,UNITED STATES
100116,UATP,CREDIT,UATP,AMERICAN AIRLINES (AA),+18004337300,https://www.aa.com,US,USA,UNITED STATES
100117,UATP,CREDIT,UATP,AMERICAN AIRLINES (AA),+18004337300,https://www.aa.com,US,USA,UNITED STATES
100118,UATP,CREDIT,UATP,AMERICAN AIRLINES (AA),+18004337300,https://www.aa.com,US,USA,UNITED STATES
100119,UATP,CREDIT,UATP,AMERICAN AIRLINES (AA),+18004337300,https://www.aa.com,US,USA,UNITED STATES
100120,UATP,CREDIT,UATP,AMERICAN AIRLINES (AA),+18004337300,https://www.aa.com,US,USA,UNITED STATES
100121,UATP,CREDIT,UATP,AMERICAN AIRLINES (AA),+18004337300,https://www.aa.com,US,USA,UNITED STATES
100122,UATP,CREDIT,UATP,AMERICAN AIRLINES (AA),+18004337300,https://www.aa.com,US,USA,UNITED STATES
100123,UATP,CREDIT,UATP,AMERICAN AIRLINES (AA),+18004337300,https://www.aa.com,US,USA,UNITED STATES
100124,UATP,CREDIT,UATP,AMERICAN AIRLINES (AA),+18004337300,https://www.aa.com,US,USA,UNITED STATES
100125,UATP,CREDIT,UATP,AMERICAN AIRLINES (AA),+18004337300,https://www.aa.com,US,USA,UNITED STATES
100126,UATP,CREDIT,UATP,AMERICAN AIRLINES (AA),+18004337300,https://www.aa.com,US,USA,UNITED STATES
100127,UATP,CREDIT,UATP,AMERICAN AIRLINES (AA),+18004337300,https://www.aa.com,US,USA,UNITED STATES
100128,UATP,CREDIT,UATP,AMERICAN AIRLINES (AA),+18004337300,https://www.aa.com,US,USA,UNITED STATES
100129,UATP,CREDIT,UATP,AMERICAN AIRLINES (AA),+18004337300,https://www.aa.com,US,USA,UNITED STATES
100130,UATP,CREDIT,UATP,AMERICAN AIRLINES (AA),+18004337300,https://www.aa.com,US,USA,UNITED STATES
100131,UATP,CREDIT,UATP,AMERICAN AIRLINES (AA),+18004337300,https://www.aa.com,US,USA,UNITED STATES
100132,UATP,CREDIT,UATP,AMERICAN AIRLINES (AA),+18004337300,https://www.aa.com,US,USA,UNITED STATES
100133,UATP,CREDIT,UATP,AMERICAN AIRLINES (AA),+18004337300,https://www.aa.com,US,USA,UNITED STATES
100134,UATP,CREDIT,UATP,AMERICAN AIRLINES (AA),+18004337300,https://www.aa.com,US,USA,UNITED STATES
100135,UATP,CREDIT,UATP,AMERICAN AIRLINES (AA),+18004337300,https://www.aa.com,US,USA,UNITED STATES
100136,UATP,CREDIT,UATP,AMERICAN AIRLINES (AA),+18004337300,https://www.aa.com,US,USA,UNITED STATES
100137,UATP,CREDIT,UATP,AMERICAN AIRLINES (AA),+18004337300,https://www.aa.com,US,USA,UNITED STATES
100138,UATP,CREDIT,UATP,AMERICAN AIRLINES (AA),+18004337300,https://www.aa.com,US,USA,UNITED STATES
100139,UATP,CREDIT,UATP,AMERICAN AIRLINES (AA),+18004337300,https://www.aa.com,US,USA,UNITED STATES
100140,UATP,CREDIT,UATP,AMERICAN AIRLINES (AA),+18004337300,https://www.aa.com,US,USA,UNITED STATES
100141,UATP,CREDIT,UATP,AMERICAN AIRLINES (AA),+18004337300,https://www.aa.com,US,USA,UNITED STATES
100142,UATP,CREDIT,UATP,AMERICAN AIRLINES (AA),+18004337300,https://www.aa.com,US,USA,UNITED STATES
100143,UATP,CREDIT,UATP,AMERICAN AIRLINES (AA),+18004337300,https://www.aa.com,US,USA,UNITED STATES
100144,UATP,CREDIT,UATP,AMERICAN AIRLINES (AA),+18004337300,https://www.aa.com,US,USA,UNITED STATES
100145,UATP,CREDIT,UATP,AMERICAN AIRLINES (AA),+18004337300,https://www.aa.com,US,USA,UNITED STATES
100146,UATP,CREDIT,UATP,AMERICAN AIRLINES (AA),+18004337300,https://www.aa.com,US,USA,UNITED STATES
100147,UATP,CREDIT,UATP,AMERICAN AIRLINES (AA),+18004337300,https://www.aa.com,US,USA,UNITED STATES
100148,UATP,CREDIT,UATP,AMERICAN AIRLINES (AA),+18004337300,https://www.aa.com,US,USA,UNITED STATES
100149,UATP,CREDIT,UATP,AMERICAN AIRLINES (AA),+18004337300,https://www.aa.com,US,USA,UNITED STATES
100150,UATP,CREDIT,UATP,AMERICAN AIRLINES (AA),+18004337300,https://www.aa.com,US,USA,UNITED STATES
100151,UATP,CREDIT,UATP,AMERICAN AIRLINES (AA),+18004337300,https://www.aa.com,US,USA,UNITED STATES
100152,UATP,CREDIT,UATP,AMERICAN AIRLINES (AA),+18004337300,https://www.aa.com,US,USA,UNITED STATES
100153,UATP,CREDIT,UATP,AMERICAN AIRLINES (AA),+18004337300,https://www.aa.com,US,USA,UNITED STATES
100154,UATP,CREDIT,UATP,AMERICAN AIRLINES (AA),+18004337300,https://www.aa.com,US,USA,UNITED STATES
100155,UATP,CREDIT,UATP,AMERICAN AIRLINES (AA),+18004337300,https://www.aa.com,US,USA,UNITED STATES
100156,UATP,CREDIT,UATP,AMERICAN AIRLINES (AA),+18004337300,https://www.aa.com,US,USA,UNITED STATES
100157,UATP,CREDIT,UATP,AMERICAN AIRLINES (AA),+18004337300,https://www.aa.com,US,USA,UNITED STATES
100158,UATP,CREDIT,UATP,AMERICAN AIRLINES (AA),+18004337300,https://www.aa.com,US,USA,UNITED STATES
100159,UATP,CREDIT,UATP,AMERICAN AIRLINES (AA),+18004337300,https://www.aa.com,US,USA,UNITED STATES
100160,UATP,CREDIT,UATP,AMERICAN AIRLINES (AA),+18004337300,https://www.aa.com,US,USA,UNITED STATES
100161,UATP,CREDIT,UATP,AMERICAN AIRLINES (AA),+18004337300,https://www.aa.com,US,USA,UNITED STATES
100162,UATP,CREDIT,UATP,AMERICAN AIRLINES (AA),+18004337300,https://www.aa.com,US,USA,UNITED STATES
100163,UATP,CREDIT,UATP,AMERICAN AIRLINES (AA),+18004337300,https://www.aa.com,US,USA,UNITED STATES
100164,UATP,CREDIT,UATP,AMERICAN AIRLINES (AA),+18004337300,https://www.aa.com,US,USA,UNITED STATES
100165,UATP,CREDIT,UATP,AMERICAN AIRLINES (AA),+18004337300,https://www.aa.com,US,USA,UNITED STATES
100166,UATP,CREDIT,UATP,AMERICAN AIRLINES (AA),+18004337300,https://www.aa.com,US,USA,UNITED STATES
100167,UATP,CREDIT,UATP,AMERICAN AIRLINES (AA),+18004337300,https://www.aa.com,US,USA,UNITED STATES
100168,UATP,CREDIT,UATP,AMERICAN AIRLINES (AA),+18004337300,https://www.aa.com,US,USA,UNITED STATES
100169,UATP,CREDIT,UATP,AMERICAN AIRLINES (AA),+18004337300,https://www.aa.com,US,USA,UNITED STATES
100170,UATP,CREDIT,UATP,AMERICAN AIRLINES (AA),+18004337300,https://www.aa.com,US,USA,UNITED STATES
100171,UATP,CREDIT,UATP,AMERICAN AIRLINES (AA),+18004337300,https://www.aa.com,US,USA,UNITED STATES
100172,UATP,CREDIT,UATP,AMERICAN AIRLINES (AA),+18004337300,https://www.aa.com,US,USA,UNITED STATES
100173,UATP,CREDIT,UATP,AMERICAN AIRLINES (AA),+18004337300,https://www.aa.com,US,USA,UNITED STATES
100174,UATP,CREDIT,UATP,AMERICAN AIRLINES (AA),+18004337300,https://www.aa.com,US,USA,UNITED STATES
100175,UATP,CREDIT,UATP,AMERICAN AIRLINES (AA),+18004337300,https://www.aa.com,US,USA,UNITED STATES
100176,UATP,CREDIT,UATP,AMERICAN AIRLINES (AA),+18004337300,https://www.aa.com,US,USA,UNITED STATES
100177,UATP,CREDIT,UATP,AMERICAN AIRLINES (AA),+18004337300,https://www.aa.com,US,USA,UNITED STATES
100178,UATP,CREDIT,UATP,AMERICAN AIRLINES (AA),+18004337300,https://www.aa.com,US,USA,UNITED STATES
100179,UATP,CREDIT,UATP,AMERICAN AIRLINES (AA),+18004337300,https://www.aa.com,US,USA,UNITED STATES
100180,UATP,CREDIT,UATP,AMERICAN AIRLINES (AA),+18004337300,https://www.aa.com,US,USA,UNITED STATES
100181,UATP,CREDIT,UATP,AMERICAN AIRLINES (AA),+18004337300,https://www.aa.com,US,USA,UNITED STATES
100182,UATP,CREDIT,UATP,AMERICAN AIRLINES (AA),+18004337300,https://www.aa.com,US,USA,UNITED STATES
100183,UATP,CREDIT,UATP,AMERICAN AIRLINES (AA),+18004337300,https://www.aa.com,US,USA,UNITED STATES
100184,UATP,CREDIT,UATP,AMERICAN AIRLINES (AA),+18004337300,https://www.aa.com,US,USA,UNITED STATES
100185,UATP,CREDIT,UATP,AMERICAN AIRLINES (AA),+18004337300,https://www.aa.com,US,USA,UNITED STATES
100186,UATP,CREDIT,UATP,AMERICAN AIRLINES (AA),+18004337300,https://www.aa.com,US,USA,UNITED STATES
100187,UATP,CREDIT,UATP,AMERICAN AIRLINES (AA),+18004337300,https://www.aa.com,US,USA,UNITED STATES
100188,UATP,CREDIT,UATP,AMERICAN AIRLINES (AA),+18004337300,https://www.aa.com,US,USA,UNITED STATES
100189,UATP,CREDIT,UATP,AMERICAN AIRLINES (AA),+18004337300,https://www.aa.com,US,USA,UNITED STATES
100190,UATP,CREDIT,UATP,AMERICAN AIRLINES (AA),+18004337300,https://www.aa.com,US,USA,UNITED STATES
100191,UATP,CREDIT,UATP,AMERICAN AIRLINES (AA),+18004337300,https://www.aa.com,US,USA,UNITED STATES
100192,UATP,CREDIT,UATP,AMERICAN AIRLINES (AA),+18004337300,https://www.aa.com,US,USA,UNITED STATES
100193,UATP,CREDIT,UATP,AMERICAN AIRLINES (AA),+18004337300,https://www.aa.com,US,USA,UNITED STATES
100194,UATP,CREDIT,UATP,AMERICAN AIRLINES (AA),+18004337300,https://www.aa.com,US,USA,UNITED STATES
100195,UATP,CREDIT,UATP,AMERICAN AIRLINES (AA),+18004337300,https://www.aa.com,US,USA,UNITED STATES
100196,UATP,CREDIT,UATP,AMERICAN AIRLINES (AA),+18004337300,https://www.aa.com,US,USA,UNITED STATES
100197,UATP,CREDIT,UATP,AMERICAN AIRLINES (AA),+18004337300,https://www.aa.com,US,USA,UNITED STATES
100198,UATP,CREDIT,UATP,AMERICAN AIRLINES (AA),+18004337300,https://www.aa.com,US,USA,UNITED STATES
100199,UATP,CREDIT,UATP,AMERICAN AIRLINES (AA),+18004337300,https://www.aa.com,US,USA,UNITED STATES
100264,PRIVATE LABEL,CREDIT,GOLD,BCA BANK,+621500888,https://www.bca.co.id,ID,IDN,INDONESIA
100500,UATP,CREDIT,UATP,CONTINENTAL AIRLINES (CO),,,US,USA,UNITED STATES
100501,UATP,CREDIT,UATP,CONTINENTAL AIRLINES (CO),,,US,USA,UNITED STATES
100502,UATP,CREDIT,UATP,CONTINENTAL AIRLINES (CO),,,US,USA,UNITED STATES
100503,UATP,CREDIT,UATP,CONTINENTAL AIRLINES (CO),,,US,USA,UNITED STATES
100504,UATP,CREDIT,UATP,CONTINENTAL AIRLINES (CO),,,US,USA,UNITED STATES
100505,UATP,CREDIT,UATP,CONTINENTAL AIRLINES (CO),,,US,USA,UNITED STATES
100506,UATP,CREDIT,UATP,CONTINENTAL AIRLINES (CO),,,US,USA,UNITED STATES
100507,UATP,CREDIT,UATP,CONTINENTAL AIRLINES (CO),,,US,USA,UNITED STATES
100508,UATP,CREDIT,UATP,CONTINENTAL AIRLINES (CO),,,US,USA,UNITED STATES
100509,UATP,CREDIT,UATP,CONTINENTAL AIRLINES (CO),,,US,USA,UNITED STATES
100510,UATP,CREDIT,UATP,CONTINENTAL AIRLINES (CO),,,US,USA,UNITED STATES
100511,UATP,CREDIT,UATP,CONTINENTAL AIRLINES (CO),,,US,USA,UNITED STATES
100512,UATP,CREDIT,UATP,CONTINENTAL AIRLINES (CO),,,US,USA,UNITED STATES
100513,UATP,CREDIT,UATP,CONTINENTAL AIRLINES (CO),,,US,USA,UNITED STATES
100514,UATP,CREDIT,UATP,CONTINENTAL AIRLINES (CO),,,US,USA,UNITED STATES
100515,UATP,CREDIT,UATP,CONTINENTAL AIRLINES (CO),,,US,USA,UNITED STATES
100516,UATP,CREDIT,UATP,CONTINENTAL AIRLINES (CO),,,US,USA,UNITED STATES
100517,UATP,CREDIT,UATP,CONTINENTAL AIRLINES (CO),,,US,USA,UNITED STATES
100518,UATP,CREDIT,UATP,CONTINENTAL AIRLINES (CO),,,US,USA,UNITED STATES
100519,UATP,CREDIT,UATP,CONTINENTAL AIRLINES (CO),,,US,USA,UNITED STATES
100520,UATP,CREDIT,UATP,CONTINENTAL AIRLINES (CO),,,US,USA,UNITED STATES
100521,UATP,CREDIT,UATP,CONTINENTAL AIRLINES (CO),,,US,USA,UNITED STATES
100522,UATP,CREDIT,UATP,CONTINENTAL AIRLINES (CO),,,US,USA,UNITED STATES
100523,UATP,CREDIT,UATP,CONTINENTAL AIRLINES (CO),,,US,USA,UNITED STATES
100524,UATP,CREDIT,UATP,CONTINENTAL AIRLINES (CO),,,US,USA,UNITED STATES
100525,UATP,CREDIT,UATP,CONTINENTAL AIRLINES (CO),,,US,USA,UNITED STATES
100526,UATP,CREDIT,UATP,CONTINENTAL AIRLINES (CO),,,US,USA,UNITED STATES
100527,UATP,CREDIT,UATP,CONTINENTAL AIRLINES (CO),,,US,USA,UNITED STATES
100528,UATP,CREDIT,UATP,CONTINENTAL AIRLINES (CO),,,US,USA,UNITED STATES
100529,UATP,CREDIT,UATP,CONTINENTAL AIRLINES (CO),,,US,USA,UNITED STATES
100530,UATP,CREDIT,UATP,CONTINENTAL AIRLINES (CO),,,US,USA,UNITED STATES
100531,UATP,CREDIT,UATP,CONTINENTAL AIRLINES (CO),,,US,USA,UNITED STATES
100532,UATP,CREDIT,UATP,CONTINENTAL AIRLINES (CO),,,US,USA,UNITED STATES
100533,UATP,CREDIT,UATP,CONTINENTAL AIRLINES (CO),,,US,USA,UNITED STATES
100534,UATP,CREDIT,UATP,CONTINENTAL AIRLINES (CO),,,US,USA,UNITED STATES
100535,UATP,CREDIT,UATP,CONTINENTAL AIRLINES (CO),,,US,USA,UNITED STATES
100536,UATP,CREDIT,UATP,CONTINENTAL AIRLINES (CO),,,US,USA,UNITED STATES
100537,UATP,CREDIT,UATP,CONTINENTAL AIRLINES (CO),,,US,USA,UNITED STATES
100538,UATP,CREDIT,UATP,CONTINENTAL AIRLINES (CO),,,US,USA,UNITED STATES
100539,UATP,CREDIT,UATP,CONTINENTAL AIRLINES (CO),,,US,USA,UNITED STATES
100540,UATP,CREDIT,UATP,CONTINENTAL AIRLINES (CO),,,US,USA,UNITED STATES
100541,UATP,CREDIT,UATP,CONTINENTAL AIRLINES (CO),,,US,USA,UNITED STATES
100542,UATP,CREDIT,UATP,CONTINENTAL AIRLINES (CO),,,US,USA,UNITED STATES
100543,UATP,CREDIT,UATP,CONTINENTAL AIRLINES (CO),,,US,USA,UNITED STATES
100544,UATP,CREDIT,UATP,CONTINENTAL AIRLINES (CO),,,US,USA,UNITED STATES
100545,UATP,CREDIT,UATP,CONTINENTAL AIRLINES (CO),,,US,USA,UNITED STATES
100546,UATP,CREDIT,UATP,CONTINENTAL AIRLINES (CO),,,US,USA,UNITED STATES
100547,UATP,CREDIT,UATP,CONTINENTAL AIRLINES (CO),,,US,USA,UNITED STATES
100548,UATP,CREDIT,UATP,CONTINENTAL AIRLINES (CO),,,US,USA,UNITED STATES
100549,UATP,CREDIT,UATP,CONTINENTAL AIRLINES (CO),,,US,USA,UNITED STATES
100550,UATP,CREDIT,UATP,CONTINENTAL AIRLINES (CO),,,US,USA,UNITED STATES
100551,UATP,CREDIT,UATP,CONTINENTAL AIRLINES (CO),,,US,USA,UNITED STATES
100552,UATP,CREDIT,UATP,CONTINENTAL AIRLINES (CO),,,US,USA,UNITED STATES
100553,UATP,CREDIT,UATP,CONTINENTAL AIRLINES (CO),,,US,USA,UNITED STATES
100554,UATP,CREDIT,UATP,CONTINENTAL AIRLINES (CO),,,US,USA,UNITED STATES
100555,UATP,CREDIT,UATP,CONTINENTAL AIRLINES (CO),,,US,USA,UNITED STATES
100556,UATP,CREDIT,UATP,CONTINENTAL AIRLINES (CO),,,US,USA,UNITED STATES
100557,UATP,CREDIT,UATP,CONTINENTAL AIRLINES (CO),,,US,USA,UNITED STATES
100558,UATP,CREDIT,UATP,CONTINENTAL AIRLINES (CO),,,US,USA,UNITED STATES
100559,UATP,CREDIT,UATP,CONTINENTAL AIRLINES (CO),,,US,USA,UNITED STATES
100560,UATP,CREDIT,UATP,CONTINENTAL AIRLINES (CO),,,US,USA,UNITED STATES
100561,UATP,CREDIT,UATP,CONTINENTAL AIRLINES (CO),,,US,USA,UNITED STATES
100562,UATP,CREDIT,UATP,CONTINENTAL AIRLINES (CO),,,US,USA,UNITED STATES
100563,UATP,CREDIT,UATP,CONTINENTAL AIRLINES (CO),,,US,USA,UNITED STATES
100564,UATP,CREDIT,UATP,CONTINENTAL AIRLINES (CO),,,US,USA,UNITED STATES
100565,UATP,CREDIT,UATP,CONTINENTAL AIRLINES (CO),,,US,USA,UNITED STATES
100566,UATP,CREDIT,UATP,CONTINENTAL AIRLINES (CO),,,US,USA,UNITED STATES
100567,UATP,CREDIT,UATP,CONTINENTAL AIRLINES (CO),,,US,USA,UNITED STATES
100568,UATP,CREDIT,UATP,CONTINENTAL AIRLINES (CO),,,US,USA,UNITED STATES
100569,UATP,CREDIT,UATP,CONTINENTAL AIRLINES (CO),,,US,USA,UNITED STATES
100570,UATP,CREDIT,UATP,CONTINENTAL AIRLINES (CO),,,US,USA,UNITED STATES
100571,UATP,CREDIT,UATP,CONTINENTAL AIRLINES (CO),,,US,USA,UNITED STATES
100572,UATP,CREDIT,UATP,CONTINENTAL AIRLINES (CO),,,US,USA,UNITED STATES
100573,UATP,CREDIT,UATP,CONTINENTAL AIRLINES (CO),,,US,USA,UNITED STATES
100574,UATP,CREDIT,UATP,CONTINENTAL AIRLINES (CO),,,US,USA,UNITED STATES
100575,UATP,CREDIT,UATP,CONTINENTAL AIRLINES (CO),,,US,USA,UNITED STATES
100576,UATP,CREDIT,UATP,CONTINENTAL AIRLINES (CO),,,US,USA,UNITED STATES
100577,UATP,CREDIT,UATP,CONTINENTAL AIRLINES (CO),,,US,USA,UNITED STATES
100578,UATP,CREDIT,UATP,CONTINENTAL AIRLINES (CO),,,US,USA,UNITED STATES
100579,UATP,CREDIT,UATP,CONTINENTAL AIRLINES (CO),,,US,USA,UNITED STATES
100580,UATP,CREDIT,UATP,CONTINENTAL AIRLINES (CO),,,US,USA,UNITED STATES
100581,UATP,CREDIT,UATP,CONTINENTAL AIRLINES (CO),,,US,USA,UNITED STATES
100582,UATP,CREDIT,UATP,CONTINENTAL AIRLINES (CO),,,US,USA,UNITED STATES
100583,UATP,CREDIT,UATP,CONTINENTAL AIRLINES (CO),,,US,USA,UNITED STATES
100584,UATP,CREDIT,UATP,CONTINENTAL AIRLINES (CO),,,US,USA,UNITED STATES
100585,UATP,CREDIT,UATP,CONTINENTAL AIRLINES (CO),,,US,USA,UNITED STATES
100586,UATP,CREDIT,UATP,CONTINENTAL AIRLINES (CO),,,US,USA,UNITED STATES
100587,UATP,CREDIT,UATP,CONTINENTAL AIRLINES (CO),,,US,USA,UNITED STATES
100588,UATP,CREDIT,UATP,CONTINENTAL AIRLINES (CO),,,US,USA,UNITED STATES
100589,UATP,CREDIT,UATP,CONTINENTAL AIRLINES (CO),,,US,USA,UNITED STATES
100590,UATP,CREDIT,UATP,CONTINENTAL AIRLINES (CO),,,US,USA,UNITED STATES
100591,UATP,CREDIT,UATP,CONTINENTAL AIRLINES (CO),,,US,USA,UNITED STATES
100592,UATP,CREDIT,UATP,CONTINENTAL AIRLINES (CO),,,US,USA,UNITED STATES
100593,UATP,CREDIT,UATP,CONTINENTAL AIRLINES (CO),,,US,USA,UNITED STATES
100594,UATP,CREDIT,UATP,CONTINENTAL AIRLINES (CO),,,US,USA,UNITED STATES
100595,UATP,CREDIT,UATP,CONTINENTAL AIRLINES (CO),,,US,USA,UNITED STATES
100596,UATP,CREDIT,UATP,CONTINENTAL AIRLINES (CO),,,US,USA,UNITED STATES
100597,UATP,CREDIT,UATP,CONTINENTAL AIRLINES (CO),,,US,USA,UNITED STATES
100598,UATP,CREDIT,UATP,CONTINENTAL AIRLINES (CO),,,US,USA,UNITED STATES
100599,UATP,CREDIT,UATP,CONTINENTAL AIRLINES (CO),,,US,USA,UNITED STATES
100600,UATP,CREDIT,UATP,DELTA AIRLINES (DL),,,US,USA,UNITED STATES
100601,UATP,CREDIT,UATP,DELTA AIRLINES (DL),,,US,USA,UNITED STATES
100602,UATP,CREDIT,UATP,DELTA AIRLINES (DL),,,US,USA,UNITED STATES
100603,UATP,CREDIT,UATP,DELTA AIRLINES (DL),,,US,USA,UNITED STATES
100604,UATP,CREDIT,UATP,DELTA AIRLINES (DL),,,US,USA,UNITED STATES
100605,UATP,CREDIT,UATP,DELTA AIRLINES (DL),,,US,USA,UNITED STATES
100606,UATP,CREDIT,UATP,DELTA AIRLINES (DL),,,US,USA,UNITED STATES
100607,UATP,CREDIT,UATP,DELTA AIRLINES (DL),,,US,USA,UNITED STATES
100608,UATP,CREDIT,UATP,DELTA AIRLINES (DL),,,US,USA,UNITED STATES
100609,UATP,CREDIT,UATP,DELTA AIRLINES (DL),,,US,USA,UNITED STATES
100610,UATP,CREDIT,UATP,DELTA AIRLINES (DL),,,US,USA,UNITED STATES
100611,UATP,CREDIT,UATP,DELTA AIRLINES (DL),,,US,USA,UNITED STATES
100612,UATP,CREDIT,UATP,DELTA AIRLINES (DL),,,US,USA,UNITED STATES
100613,UATP,CREDIT,UATP,DELTA AIRLINES (DL),,,US,USA,UNITED STATES
100614,UATP,CREDIT,UATP,DELTA AIRLINES (DL),,,US,USA,UNITED STATES
100615,UATP,CREDIT,UATP,DELTA AIRLINES (DL),,,US,USA,UNITED STATES
100616,UATP,CREDIT,UATP,DELTA AIRLINES (DL),,,US,USA,UNITED STATES
100617,UATP,CREDIT,UATP,DELTA AIRLINES (DL),,,US,USA,UNITED STATES
100618,UATP,CREDIT,UATP,DELTA AIRLINES (DL),,,US,USA,UNITED STATES
100619,UATP,CREDIT,UATP,DELTA AIRLINES (DL),,,US,USA,UNITED STATES
100620,UATP,CREDIT,UATP,DELTA AIRLINES (DL),,,US,USA,UNITED STATES
100621,UATP,CREDIT,UATP,DELTA AIRLINES (DL),,,US,USA,UNITED STATES
100622,UATP,CREDIT,UATP,DELTA AIRLINES (DL),,,US,USA,UNITED STATES
100623,UATP,CREDIT,UATP,DELTA AIRLINES (DL),,,US,USA,UNITED STATES
100624,UATP,CREDIT,UATP,DELTA AIRLINES (DL),,,US,USA,UNITED STATES
100625,UATP,CREDIT,UATP,DELTA AIRLINES (DL),,,US,USA,UNITED STATES
100626,UATP,CREDIT,UATP,DELTA AIRLINES (DL),,,US,USA,UNITED STATES
100627,UATP,CREDIT,UATP,DELTA AIRLINES (DL),,,US,USA,UNITED STATES
100628,UATP,CREDIT,UATP,DELTA AIRLINES (DL),,,US,USA,UNITED STATES
100629,UATP,CREDIT,UATP,DELTA AIRLINES (DL),,,US,USA,UNITED STATES
100630,UATP,CREDIT,UATP,DELTA AIRLINES (DL),,,US,USA,UNITED STATES
100631,UATP,CREDIT,UATP,DELTA AIRLINES (DL),,,US,USA,UNITED STATES
100632,UATP,CREDIT,UATP,DELTA AIRLINES (DL),,,US,USA,UNITED STATES
100633,UATP,CREDIT,UATP,DELTA AIRLINES (DL),,,US,USA,UNITED STATES
100634,UATP,CREDIT,UATP,DELTA AIRLINES (DL),,,US,USA,UNITED STATES
100635,UATP,CREDIT,UATP,DELTA AIRLINES (DL),,,US,USA,UNITED STATES
100636,UATP,CREDIT,UATP,DELTA AIRLINES (DL),,,US,USA,UNITED STATES
100637,UATP,CREDIT,UATP,DELTA AIRLINES (DL),,,US,USA,UNITED STATES
100638,UATP,CREDIT,UATP,DELTA AIRLINES (DL),,,US,USA,UNITED STATES
100639,UATP,CREDIT,UATP,DELTA AIRLINES (DL),,,US,USA,UNITED STATES
100640,UATP,CREDIT,UATP,DELTA AIRLINES (DL),,,US,USA,UNITED STATES
100641,UATP,CREDIT,UATP,DELTA AIRLINES (DL),,,US,USA,UNITED STATES
100642,UATP,CREDIT,UATP,DELTA AIRLINES (DL),,,US,USA,UNITED STATES
100643,UATP,CREDIT,UATP,DELTA AIRLINES (DL),,,US,USA,UNITED STATES
100644,UATP,CREDIT,UATP,DELTA AIRLINES (DL),,,US,USA,UNITED STATES
100645,UATP,CREDIT,UATP,DELTA AIRLINES (DL),,,US,USA,UNITED STATES
100646,UATP,CREDIT,UATP,DELTA AIRLINES (DL),,,US,USA,UNITED STATES
100647,UATP,CREDIT,UATP,DELTA AIRLINES (DL),,,US,USA,UNITED STATES
100648,UATP,CREDIT,UATP,DELTA AIRLINES (DL),,,US,USA,UNITED STATES
100649,UATP,CREDIT,UATP,DELTA AIRLINES (DL),,,US,USA,UNITED STATES
100650,UATP,CREDIT,UATP,DELTA AIRLINES (DL),,,US,USA,UNITED STATES
100651,UATP,CREDIT,UATP,DELTA AIRLINES (DL),,,US,USA,UNITED STATES
100652,UATP,CREDIT,UATP,DELTA AIRLINES (DL),,,US,USA,UNITED STATES
100653,UATP,CREDIT,UATP,DELTA AIRLINES (DL),,,US,USA,UNITED STATES
100654,UATP,CREDIT,UATP,DELTA AIRLINES (DL),,,US,USA,UNITED STATES
100655,UATP,CREDIT,UATP,DELTA AIRLINES (DL),,,US,USA,UNITED STATES
100656,UATP,CREDIT,UATP,DELTA AIRLINES (DL),,,US,USA,UNITED STATES
100657,UATP,CREDIT,UATP,DELTA AIRLINES (DL),,,US,USA,UNITED STATES
100658,UATP,CREDIT,UATP,DELTA AIRLINES (DL),,,US,USA,UNITED STATES
100659,UATP,CREDIT,UATP,DELTA AIRLINES (DL),,,US,USA,UNITED STATES
100660,UATP,CREDIT,UATP,DELTA AIRLINES (DL),,,US,USA,UNITED STATES
100661,UATP,CREDIT,UATP,DELTA AIRLINES (DL),,,US,USA,UNITED STATES
100662,UATP,CREDIT,UATP,DELTA AIRLINES (DL),,,US,USA,UNITED STATES
100663,UATP,CREDIT,UATP,DELTA AIRLINES (DL),,,US,USA,UNITED STATES
100664,UATP,CREDIT,UATP,DELTA AIRLINES (DL),,,US,USA,UNITED STATES
100665,UATP,CREDIT,UATP,DELTA AIRLINES (DL),,,US,USA,UNITED STATES
100666,UATP,CREDIT,UATP,DELTA AIRLINES (DL),,,US,USA,UNITED STATES
100667,UATP,CREDIT,UATP,DELTA AIRLINES (DL),,,US,USA,UNITED STATES
100668,UATP,CREDIT,UATP,DELTA AIRLINES (DL),,,US,USA,UNITED STATES
100669,UATP,CREDIT,UATP,DELTA AIRLINES (DL),,,US,USA,UNITED STATES
100670,UATP,CREDIT,UATP,DELTA AIRLINES (DL),,,US,USA,UNITED STATES
100671,UATP,CREDIT,UATP,DELTA AIRLINES (DL),,,US,USA,UNITED STATES
100672,UATP,CREDIT,UATP,DELTA AIRLINES (DL),,,US,USA,UNITED STATES
100673,UATP,CREDIT,UATP,DELTA AIRLINES (DL),,,US,USA,UNITED STATES
100674,UATP,CREDIT,UATP,DELTA AIRLINES (DL),,,US,USA,UNITED STATES
100675,UATP,CREDIT,UATP,DELTA AIRLINES (DL),,,US,USA,UNITED STATES
100676,UATP,CREDIT,UATP,DELTA AIRLINES (DL),,,US,USA,UNITED STATES
100677,UATP,CREDIT,UATP,DELTA AIRLINES (DL),,,US,USA,UNITED STATES
100678,UATP,CREDIT,UATP,DELTA AIRLINES (DL),,,US,USA,UNITED STATES
100679,UATP,CREDIT,UATP,DELTA AIRLINES (DL),,,US,USA,UNITED STATES
100680,UATP,CREDIT,UATP,DELTA AIRLINES (DL),,,US,USA,UNITED STATES
100681,UATP,CREDIT,UATP,DELTA AIRLINES (DL),,,US,USA,UNITED STATES
100682,UATP,CREDIT,UATP,DELTA AIRLINES (DL),,,US,USA,UNITED STATES
100683,UATP,CREDIT,UATP,DELTA AIRLINES (DL),,,US,USA,UNITED STATES
100684,UATP,CREDIT,UATP,DELTA AIRLINES (DL),,,US,USA,UNITED STATES
100685,UATP,CREDIT,UATP,DELTA AIRLINES (DL),,,US,USA,UNITED STATES
100686,UATP,CREDIT,UATP,DELTA AIRLINES (DL),,,US,USA,UNITED STATES
100687,UATP,CREDIT,UATP,DELTA AIRLINES (DL),,,US,USA,UNITED STATES
100688,UATP,CREDIT,UATP,DELTA AIRLINES (DL),,,US,USA,UNITED STATES
100689,UATP,CREDIT,UATP,DELTA AIRLINES (DL),,,US,USA,UNITED STATES
100690,UATP,CREDIT,UATP,DELTA AIRLINES (DL),,,US,USA,UNITED STATES
100691,UATP,CREDIT,UATP,DELTA AIRLINES (DL),,,US,USA,UNITED STATES
100692,UATP,CREDIT,UATP,DELTA AIRLINES (DL),,,US,USA,UNITED STATES
100693,UATP,CREDIT,UATP,DELTA AIRLINES (DL),,,US,USA,UNITED STATES
100694,UATP,CREDIT,UATP,DELTA AIRLINES (DL),,,US,USA,UNITED STATES
100695,UATP,CREDIT,UATP,DELTA AIRLINES (DL),,,US,USA,UNITED STATES
100696,UATP,CREDIT,UATP,DELTA AIRLINES (DL),,,US,USA,UNITED STATES
100697,UATP,CREDIT,UATP,DELTA AIRLINES (DL),,,US,USA,UNITED STATES
100698,UATP,CREDIT,UATP,DELTA AIRLINES (DL),,,US,USA,UNITED STATES
100699,UATP,CREDIT,UATP,DELTA AIRLINES (DL),,,US,USA,UNITED STATES
101017,LOCAL BRAND,DEBIT,PROPRIETARY,"PRIME BANK, LTD.",+88029662776,https://www.primebank.com.bd,BD,BGD,BANGLADESH
101018,LOCAL BRAND,DEBIT,PREPAID,"PRIME BANK, LTD.",+88029662776,https://www.primebank.com.bd,BD,BGD,BANGLADESH
101104,PRIVATE LABEL,CREDIT,GOLD,BNI BANK,-2511905,https://www.bni.co.id,ID,IDN,INDONESIA
101400,UATP,CREDIT,UATP,AEROPLAN (AIR CANADA),+18882472262,http://www.aircanada.com,CA,CAN,CANADA
101401,UATP,CREDIT,UATP,AEROPLAN (AIR CANADA),+18882472262,http://www.aircanada.com,CA,CAN,CANADA
101402,UATP,CREDIT,UATP,AEROPLAN (AIR CANADA),+18882472262,http://www.aircanada.com,CA,CAN,CANADA
101403,UATP,CREDIT,UATP,AEROPLAN (AIR CANADA),+18882472262,http://www.aircanada.com,CA,CAN,CANADA
101404,UATP,CREDIT,UATP,AEROPLAN (AIR CANADA),+18882472262,http://www.aircanada.com,CA,CAN,CANADA
101405,UATP,CREDIT,UATP,AEROPLAN (AIR CANADA),+18882472262,http://www.aircanada.com,CA,CAN,CANADA
101406,UATP,CREDIT,UATP,AEROPLAN (AIR CANADA),+18882472262,http://www.aircanada.com,CA,CAN,CANADA
101407,UATP,CREDIT,UATP,AEROPLAN (AIR CANADA),+18882472262,http://www.aircanada.com,CA,CAN,CANADA
101408,UATP,CREDIT,UATP,AEROPLAN (AIR CANADA),+18882472262,http://www.aircanada.com,CA,CAN,CANADA
101409,UATP,CREDIT,UATP,AEROPLAN (AIR CANADA),+18882472262,http://www.aircanada.com,CA,CAN,CANADA
101410,UATP,CREDIT,UATP,AEROPLAN (AIR CANADA),+18882472262,http://www.aircanada.com,CA,CAN,CANADA
101411,UATP,CREDIT,UATP,AEROPLAN (AIR CANADA),+18882472262,http://www.aircanada.com,CA,CAN,CANADA
101412,UATP,CREDIT,UATP,AEROPLAN (AIR CANADA),+18882472262,http://www.aircanada.com,CA,CAN,CANADA
101413,UATP,CREDIT,UATP,AEROPLAN (AIR CANADA),+18882472262,http://www.aircanada.com,CA,CAN,CANADA
101414,UATP,CREDIT,UATP,AEROPLAN (AIR CANADA),+18882472262,http://www.aircanada.com,CA,CAN,CANADA
101415,UATP,CREDIT,UATP,AEROPLAN (AIR CANADA),+18882472262,http://www.aircanada.com,CA,CAN,CANADA
101416,UATP,CREDIT,UATP,AEROPLAN (AIR CANADA),+18882472262,http://www.aircanada.com,CA,CAN,CANADA
101417,UATP,CREDIT,UATP,AEROPLAN (AIR CANADA),+18882472262,http://www.aircanada.com,CA,CAN,CANADA
101418,UATP,CREDIT,UATP,AEROPLAN (AIR CANADA),+18882472262,http://www.aircanada.com,CA,CAN,CANADA
101419,UATP,CREDIT,UATP,AEROPLAN (AIR CANADA),+18882472262,http://www.aircanada.com,CA,CAN,CANADA
101420,UATP,CREDIT,UATP,AEROPLAN (AIR CANADA),+18882472262,http://www.aircanada.com,CA,CAN,CANADA
101421,UATP,CREDIT,UATP,AEROPLAN (AIR CANADA),+18882472262,http://www.aircanada.com,CA,CAN,CANADA
101422,UATP,CREDIT,UATP,AEROPLAN (AIR CANADA),+18882472262,http://www.aircanada.com,CA,CAN,CANADA
101423,UATP,CREDIT,UATP,AEROPLAN (AIR CANADA),+18882472262,http://www.aircanada.com,CA,CAN,CANADA
101424,UATP,CREDIT,UATP,AEROPLAN (AIR CANADA),+18882472262,http://www.aircanada.com,CA,CAN,CANADA
101425,UATP,CREDIT,UATP,AEROPLAN (AIR CANADA),+18882472262,http://www.aircanada.com,CA,CAN,CANADA
101426,UATP,CREDIT,UATP,AEROPLAN (AIR CANADA),+18882472262,http://www.aircanada.com,CA,CAN,CANADA
101427,UATP,CREDIT,UATP,AEROPLAN (AIR CANADA),+18882472262,http://www.aircanada.com,CA,CAN,CANADA
101428,UATP,CREDIT,UATP,AEROPLAN (AIR CANADA),+18882472262,http://www.aircanada.com,CA,CAN,CANADA
101429,UATP,CREDIT,UATP,AEROPLAN (AIR CANADA),+18882472262,http://www.aircanada.com,CA,CAN,CANADA
101430,UATP,CREDIT,UATP,AEROPLAN (AIR CANADA),+18882472262,http://www.aircanada.com,CA,CAN,CANADA
101431,UATP,CREDIT,UATP,AEROPLAN (AIR CANADA),+18882472262,http://www.aircanada.com,CA,CAN,CANADA
101432,UATP,CREDIT,UATP,AEROPLAN (AIR CANADA),+18882472262,http://www.aircanada.com,CA,CAN,CANADA
101433,UATP,CREDIT,UATP,AEROPLAN (AIR CANADA),+18882472262,http://www.aircanada.com,CA,CAN,CANADA
101434,UATP,CREDIT,UATP,AEROPLAN (AIR CANADA),+18882472262,http://www.aircanada.com,CA,CAN,CANADA
101435,UATP,CREDIT,UATP,AEROPLAN (AIR CANADA),+18882472262,http://www.aircanada.com,CA,CAN,CANADA
101436,UATP,CREDIT,UATP,AEROPLAN (AIR CANADA),+18882472262,http://www.aircanada.com,CA,CAN,CANADA
101437,UATP,CREDIT,UATP,AEROPLAN (AIR CANADA),+18882472262,http://www.aircanada.com,CA,CAN,CANADA
101438,UATP,CREDIT,UATP,AEROPLAN (AIR CANADA),+18882472262,http://www.aircanada.com,CA,CAN,CANADA
101439,UATP,CREDIT,UATP,AEROPLAN (AIR CANADA),+18882472262,http://www.aircanada.com,CA,CAN,CANADA
101440,UATP,CREDIT,UATP,AEROPLAN (AIR CANADA),+18882472262,http://www.aircanada.com,CA,CAN,CANADA
101441,UATP,CREDIT,UATP,AEROPLAN (AIR CANADA),+18882472262,http://www.aircanada.com,CA,CAN,CANADA
101442,UATP,CREDIT,UATP,AEROPLAN (AIR CANADA),+18882472262,http://www.aircanada.com,CA,CAN,CANADA
101443,UATP,CREDIT,UATP,AEROPLAN (AIR CANADA),+18882472262,http://www.aircanada.com,CA,CAN,CANADA
101444,UATP,CREDIT,UATP,AEROPLAN (AIR CANADA),+18882472262,http://www.aircanada.com,CA,CAN,CANADA
101445,UATP,CREDIT,UATP,AEROPLAN (AIR CANADA),+18882472262,http://www.aircanada.com,CA,CAN,CANADA
101446,UATP,CREDIT,UATP,AEROPLAN (AIR CANADA),+18882472262,http://www.aircanada.com,CA,CAN,CANADA
101447,UATP,CREDIT,UATP,AEROPLAN (AIR CANADA),+18882472262,http://www.aircanada.com,CA,CAN,CANADA
101448,UATP,CREDIT,UATP,AEROPLAN (AIR CANADA),+18882472262,http://www.aircanada.com,CA,CAN,CANADA
101449,UATP,CREDIT,UATP,AEROPLAN (AIR CANADA),+18882472262,http://www.aircanada.com,CA,CAN,CANADA
101450,UATP,CREDIT,UATP,AEROPLAN (AIR CANADA),+18882472262,http://www.aircanada.com,CA,CAN,CANADA
101451,UATP,CREDIT,UATP,AEROPLAN (AIR CANADA),+18882472262,http://www.aircanada.com,CA,CAN,CANADA
101452,UATP,CREDIT,UATP,AEROPLAN (AIR CANADA),+18882472262,http://www.aircanada.com,CA,CAN,CANADA
101453,UATP,CREDIT,UATP,AEROPLAN (AIR CANADA),+18882472262,http://www.aircanada.com,CA,CAN,CANADA
101454,UATP,CREDIT,UATP,AEROPLAN (AIR CANADA),+18882472262,http://www.aircanada.com,CA,CAN,CANADA
101455,UATP,CREDIT,UATP,AEROPLAN (AIR CANADA),+18882472262,http://www.aircanada.com,CA,CAN,CANADA
101456,UATP,CREDIT,UATP,AEROPLAN (AIR CANADA),+18882472262,http://www.aircanada.com,CA,CAN,CANADA
101457,UATP,CREDIT,UATP,AEROPLAN (AIR CANADA),+18882472262,http://www.aircanada.com,CA,CAN,CANADA
101458,UATP,CREDIT,UATP,AEROPLAN (AIR CANADA),+18882472262,http://www.aircanada.com,CA,CAN,CANADA
101459,UATP,CREDIT,UATP,AEROPLAN (AIR CANADA),+18882472262,http://www.aircanada.com,CA,CAN,CANADA
101460,UATP,CREDIT,UATP,AEROPLAN (AIR CANADA),+18882472262,http://www.aircanada.com,CA,CAN,CANADA
101461,UATP,CREDIT,UATP,AEROPLAN (AIR CANADA),+18882472262,http://www.aircanada.com,CA,CAN,CANADA
101462,UATP,CREDIT,UATP,AEROPLAN (AIR CANADA),+18882472262,http://www.aircanada.com,CA,CAN,CANADA
101463,UATP,CREDIT,UATP,AEROPLAN (AIR CANADA),+18882472262,http://www.aircanada.com,CA,CAN,CANADA
101464,UATP,CREDIT,UATP,AEROPLAN (AIR CANADA),+18882472262,http://www.aircanada.com,CA,CAN,CANADA
101465,UATP,CREDIT,UATP,AEROPLAN (AIR CANADA),+18882472262,http://www.aircanada.com,CA,CAN,CANADA
101466,UATP,CREDIT,UATP,AEROPLAN (AIR CANADA),+18882472262,http://www.aircanada.com,CA,CAN,CANADA
101467,UATP,CREDIT,UATP,AEROPLAN (AIR CANADA),+18882472262,http://www.aircanada.com,CA,CAN,CANADA
101468,UATP,CREDIT,UATP,AEROPLAN (AIR CANADA),+18882472262,http://www.aircanada.com,CA,CAN,CANADA
101469,UATP,CREDIT,UATP,AEROPLAN (AIR CANADA),+18882472262,http://www.aircanada.com,CA,CAN,CANADA
101470,UATP,CREDIT,UATP,AEROPLAN (AIR CANADA),+18882472262,http://www.aircanada.com,CA,CAN,CANADA
101471,UATP,CREDIT,UATP,AEROPLAN (AIR CANADA),+18882472262,http://www.aircanada.com,CA,CAN,CANADA
101472,UATP,CREDIT,UATP,AEROPLAN (AIR CANADA),+18882472262,http://www.aircanada.com,CA,CAN,CANADA
101473,UATP,CREDIT,UATP,AEROPLAN (AIR CANADA),+18882472262,http://www.aircanada.com,CA,CAN,CANADA
101474,UATP,CREDIT,UATP,AEROPLAN (AIR CANADA),+18882472262,http://www.aircanada.com,CA,CAN,CANADA
101475,UATP,CREDIT,UATP,AEROPLAN (AIR CANADA),+18882472262,http://www.aircanada.com,CA,CAN,CANADA
101476,UATP,CREDIT,UATP,AEROPLAN (AIR CANADA),+18882472262,http://www.aircanada.com,CA,CAN,CANADA
101477,UATP,CREDIT,UATP,AEROPLAN (AIR CANADA),+18882472262,http://www.aircanada.com,CA,CAN,CANADA
101478,UATP,CREDIT,UATP,AEROPLAN (AIR CANADA),+18882472262,http://www.aircanada.com,CA,CAN,CANADA
101479,UATP,CREDIT,UATP,AEROPLAN (AIR CANADA),+18882472262,http://www.aircanada.com,CA,CAN,CANADA
101480,UATP,CREDIT,UATP,AEROPLAN (AIR CANADA),+18882472262,http://www.aircanada.com,CA,CAN,CANADA
101481,UATP,CREDIT,UATP,AEROPLAN (AIR CANADA),+18882472262,http://www.aircanada.com,CA,CAN,CANADA
101482,UATP,CREDIT,UATP,AEROPLAN (AIR CANADA),+18882472262,http://www.aircanada.com,CA,CAN,CANADA
101483,UATP,CREDIT,UATP,AEROPLAN (AIR CANADA),+18882472262,http://www.aircanada.com,CA,CAN,CANADA
101484,UATP,CREDIT,UATP,AEROPLAN (AIR CANADA),+18882472262,http://www.aircanada.com,CA,CAN,CANADA
101485,UATP,CREDIT,UATP,AEROPLAN (AIR CANADA),+18882472262,http://www.aircanada.com,CA,CAN,CANADA
101486,UATP,CREDIT,UATP,AEROPLAN (AIR CANADA),+18882472262,http://www.aircanada.com,CA,CAN,CANADA
101487,UATP,CREDIT,UATP,AEROPLAN (AIR CANADA),+18882472262,http://www.aircanada.com,CA,CAN,CANADA
101488,UATP,CREDIT,UATP,AEROPLAN (AIR CANADA),+18882472262,http://www.aircanada.com,CA,CAN,CANADA
101489,UATP,CREDIT,UATP,AEROPLAN (AIR CANADA),+18882472262,http://www.aircanada.com,CA,CAN,CANADA
101490,UATP,CREDIT,UATP,AEROPLAN (AIR CANADA),+18882472262,http://www.aircanada.com,CA,CAN,CANADA
101491,UATP,CREDIT,UATP,AEROPLAN (AIR CANADA),+18882472262,http://www.aircanada.com,CA,CAN,CANADA
101492,UATP,CREDIT,UATP,AEROPLAN (AIR CANADA),+18882472262,http://www.aircanada.com,CA,CAN,CANADA
101493,UATP,CREDIT,UATP,AEROPLAN (AIR CANADA),+18882472262,http://www.aircanada.com,CA,CAN,CANADA
101494,UATP,CREDIT,UATP,AEROPLAN (AIR CANADA),+18882472262,http://www.aircanada.com,CA,CAN,CANADA
101495,UATP,CREDIT,UATP,AEROPLAN (AIR CANADA),+18882472262,http://www.aircanada.com,CA,CAN,CANADA
101496,UATP,CREDIT,UATP,AEROPLAN (AIR CANADA),+18882472262,http://www.aircanada.com,CA,CAN,CANADA
101497,UATP,CREDIT,UATP,AEROPLAN (AIR CANADA),+18882472262,http://www.aircanada.com,CA,CAN,CANADA
101498,UATP,CREDIT,UATP,AEROPLAN (AIR CANADA),+18882472262,http://www.aircanada.com,CA,CAN,CANADA
101499,UATP,CREDIT,UATP,AEROPLAN (AIR CANADA),+18882472262,http://www.aircanada.com,CA,CAN,CANADA
101600,UATP,CREDIT,UATP,UNITED AIRLINES (UA),+18008648331,https://www.united.com,US,USA,UNITED STATES
101601,UATP,CREDIT,UATP,UNITED AIRLINES (UA),+18008648331,https://www.united.com,US,USA,UNITED STATES
101602,UATP,CREDIT,UATP,UNITED AIRLINES (UA),+18008648331,https://www.united.com,US,USA,UNITED STATES
101603,UATP,CREDIT,UATP,UNITED AIRLINES (UA),+18008648331,https://www.united.com,US,USA,UNITED STATES
101604,UATP,CREDIT,UATP,UNITED AIRLINES (UA),+18008648331,https://www.united.com,US,USA,UNITED STATES
101605,UATP,CREDIT,UATP,UNITED AIRLINES (UA),+18008648331,https://www.united.com,US,USA,UNITED STATES
101606,UATP,CREDIT,UATP,UNITED AIRLINES (UA),+18008648331,https://www.united.com,US,USA,UNITED STATES
101607,UATP,CREDIT,UATP,UNITED AIRLINES (UA),+18008648331,https://www.united.com,US,USA,UNITED STATES
101608,UATP,CREDIT,UATP,UNITED AIRLINES (UA),+18008648331,https://www.united.com,US,USA,UNITED STATES
101609,UATP,CREDIT,UATP,UNITED AIRLINES (UA),+18008648331,https://www.united.com,US,USA,UNITED STATES
101610,UATP,CREDIT,UATP,UNITED AIRLINES (UA),+18008648331,https://www.united.com,US,USA,UNITED STATES
101611,UATP,CREDIT,UATP,UNITED AIRLINES (UA),+18008648331,https://www.united.com,US,USA,UNITED STATES
101612,UATP,CREDIT,UATP,UNITED AIRLINES (UA),+18008648331,https://www.united.com,US,USA,UNITED STATES
101613,UATP,CREDIT,UATP,UNITED AIRLINES (UA),+18008648331,https://www.united.com,US,USA,UNITED STATES
101614,UATP,CREDIT,UATP,UNITED AIRLINES (UA),+18008648331,https://www.united.com,US,USA,UNITED STATES
101615,UATP,CREDIT,UATP,UNITED AIRLINES (UA),+18008648331,https://www.united.com,US,USA,UNITED STATES
101616,UATP,CREDIT,UATP,UNITED AIRLINES (UA),+18008648331,https://www.united.com,US,USA,UNITED STATES
101617,UATP,CREDIT,UATP,UNITED AIRLINES (UA),+18008648331,https://www.united.com,US,USA,UNITED STATES
101618,UATP,CREDIT,UATP,UNITED AIRLINES (UA),+18008648331,https://www.united.com,US,USA,UNITED STATES
101619,UATP,CREDIT,UATP,UNITED AIRLINES (UA),+18008648331,https://www.united.com,US,USA,UNITED STATES
101620,UATP,CREDIT,UATP,UNITED AIRLINES (UA),+18008648331,https://www.united.com,US,USA,UNITED STATES
101621,UATP,CREDIT,UATP,UNITED AIRLINES (UA),+18008648331,https://www.united.com,US,USA,UNITED STATES
101622,UATP,CREDIT,UATP,UNITED AIRLINES (UA),+18008648331,https://www.united.com,US,USA,UNITED STATES
101623,UATP,CREDIT,UATP,UNITED AIRLINES (UA),+18008648331,https://www.united.com,US,USA,UNITED STATES
101624,UATP,CREDIT,UATP,UNITED AIRLINES (UA),+18008648331,https://www.united.com,US,USA,UNITED STATES
101625,UATP,CREDIT,UATP,UNITED AIRLINES (UA),+18008648331,https://www.united.com,US,USA,UNITED STATES
101626,UATP,CREDIT,UATP,UNITED AIRLINES (UA),+18008648331,https://www.united.com,US,USA,UNITED STATES
101627,UATP,CREDIT,UATP,UNITED AIRLINES (UA),+18008648331,https://www.united.com,US,USA,UNITED STATES
101628,UATP,CREDIT,UATP,UNITED AIRLINES (UA),+18008648331,https://www.united.com,US,USA,UNITED STATES
101629,UATP,CREDIT,UATP,UNITED AIRLINES (UA),+18008648331,https://www.united.com,US,USA,UNITED STATES
101630,UATP,CREDIT,UATP,UNITED AIRLINES (UA),+18008648331,https://www.united.com,US,USA,UNITED STATES
101631,UATP,CREDIT,UATP,UNITED AIRLINES (UA),+18008648331,https://www.united.com,US,USA,UNITED STATES
101632,UATP,CREDIT,UATP,UNITED AIRLINES (UA),+18008648331,https://www.united.com,US,USA,UNITED STATES
101633,UATP,CREDIT,UATP,UNITED AIRLINES (UA),+18008648331,https://www.united.com,US,USA,UNITED STATES
101634,UATP,CREDIT,UATP,UNITED AIRLINES (UA),+18008648331,https://www.united.com,US,USA,UNITED STATES
101635,UATP,CREDIT,UATP,UNITED AIRLINES (UA),+18008648331,https://www.united.com,US,USA,UNITED STATES
101636,UATP,CREDIT,UATP,UNITED AIRLINES (UA),+18008648331,https://www.united.com,US,USA,UNITED STATES
101637,UATP,CREDIT,UATP,UNITED AIRLINES (UA),+18008648331,https://www.united.com,US,USA,UNITED STATES
101638,UATP,CREDIT,UATP,UNITED AIRLINES (UA),+18008648331,https://www.united.com,US,USA,UNITED STATES
101639,UATP,CREDIT,UATP,UNITED AIRLINES (UA),+18008648331,https://www.united.com,US,USA,UNITED STATES
101640,UATP,CREDIT,UATP,UNITED AIRLINES (UA),+18008648331,https://www.united.com,US,USA,UNITED STATES
101641,UATP,CREDIT,UATP,UNITED AIRLINES (UA),+18008648331,https://www.united.com,US,USA,UNITED STATES
101642,UATP,CREDIT,UATP,UNITED AIRLINES (UA),+18008648331,https://www.united.com,US,USA,UNITED STATES
101643,UATP,CREDIT,UATP,UNITED AIRLINES (UA),+18008648331,https://www.united.com,US,USA,UNITED STATES
101644,UATP,CREDIT,UATP,UNITED AIRLINES (UA),+18008648331,https://www.united.com,US,USA,UNITED STATES
101645,UATP,CREDIT,UATP,UNITED AIRLINES (UA),+18008648331,https://www.united.com,US,USA,UNITED STATES
101646,UATP,CREDIT,UATP,UNITED AIRLINES (UA),+18008648331,https://www.united.com,US,USA,UNITED STATES
101647,UATP,CREDIT,UATP,UNITED AIRLINES (UA),+18008648331,https://www.united.com,US,USA,UNITED STATES
101648,UATP,CREDIT,UATP,UNITED AIRLINES (UA),+18008648331,https://www.united.com,US,USA,UNITED STATES
101649,UATP,CREDIT,UATP,UNITED AIRLINES (UA),+18008648331,https://www.united.com,US,USA,UNITED STATES
101650,UATP,CREDIT,UATP,UNITED AIRLINES (UA),+18008648331,https://www.united.com,US,USA,UNITED STATES
101651,UATP,CREDIT,UATP,UNITED AIRLINES (UA),+18008648331,https://www.united.com,US,USA,UNITED STATES
101652,UATP,CREDIT,UATP,UNITED AIRLINES (UA),+18008648331,https://www.united.com,US,USA,UNITED STATES
101653,UATP,CREDIT,UATP,UNITED AIRLINES (UA),+18008648331,https://www.united.com,US,USA,UNITED STATES
101654,UATP,CREDIT,UATP,UNITED AIRLINES (UA),+18008648331,https://www.united.com,US,USA,UNITED STATES
101655,UATP,CREDIT,UATP,UNITED AIRLINES (UA),+18008648331,https://www.united.com,US,USA,UNITED STATES
101656,UATP,CREDIT,UATP,UNITED AIRLINES (UA),+18008648331,https://www.united.com,US,USA,UNITED STATES
101657,UATP,CREDIT,UATP,UNITED AIRLINES (UA),+18008648331,https://www.united.com,US,USA,UNITED STATES
101658,UATP,CREDIT,UATP,UNITED AIRLINES (UA),+18008648331,https://www.united.com,US,USA,UNITED STATES
101659,UATP,CREDIT,UATP,UNITED AIRLINES (UA),+18008648331,https://www.united.com,US,USA,UNITED STATES
101660,UATP,CREDIT,UATP,UNITED AIRLINES (UA),+18008648331,https://www.united.com,US,USA,UNITED STATES
101661,UATP,CREDIT,UATP,UNITED AIRLINES (UA),+18008648331,https://www.united.com,US,USA,UNITED STATES
101662,UATP,CREDIT,UATP,UNITED AIRLINES (UA),+18008648331,https://www.united.com,US,USA,UNITED STATES
101663,UATP,CREDIT,UATP,UNITED AIRLINES (UA),+18008648331,https://www.united.com,US,USA,UNITED STATES
101664,UATP,CREDIT,UATP,UNITED AIRLINES (UA),+18008648331,https://www.united.com,US,USA,UNITED STATES
101665,UATP,CREDIT,UATP,UNITED AIRLINES (UA),+18008648331,https://www.united.com,US,USA,UNITED STATES
101666,UATP,CREDIT,UATP,UNITED AIRLINES (UA),+18008648331,https://www.united.com,US,USA,UNITED STATES
101667,UATP,CREDIT,UATP,UNITED AIRLINES (UA),+18008648331,https://www.united.com,US,USA,UNITED STATES
101668,UATP,CREDIT,UATP,UNITED AIRLINES (UA),+18008648331,https://www.united.com,US,USA,UNITED STATES
101669,UATP,CREDIT,UATP,UNITED AIRLINES (UA),+18008648331,https://www.united.com,US,USA,UNITED STATES
101670,UATP,CREDIT,UATP,UNITED AIRLINES (UA),+18008648331,https://www.united.com,US,USA,UNITED STATES
101671,UATP,CREDIT,UATP,UNITED AIRLINES (UA),+18008648331,https://www.united.com,US,USA,UNITED STATES
101672,UATP,CREDIT,UATP,UNITED AIRLINES (UA),+18008648331,https://www.united.com,US,USA,UNITED STATES
101673,UATP,CREDIT,UATP,UNITED AIRLINES (UA),+18008648331,https://www.united.com,US,USA,UNITED STATES
101674,UATP,CREDIT,UATP,UNITED AIRLINES (UA),+18008648331,https://www.united.com,US,USA,UNITED STATES
101675,UATP,CREDIT,UATP,UNITED AIRLINES (UA),+18008648331,https://www.united.com,US,USA,UNITED STATES
101676,UATP,CREDIT,UATP,UNITED AIRLINES (UA),+18008648331,https://www.united.com,US,USA,UNITED STATES
101677,UATP,CREDIT,UATP,UNITED AIRLINES (UA),+18008648331,https://www.united.com,US,USA,UNITED STATES
101678,UATP,CREDIT,UATP,UNITED AIRLINES (UA),+18008648331,https://www.united.com,US,USA,UNITED STATES
101679,UATP,CREDIT,UATP,UNITED AIRLINES (UA),+18008648331,https://www.united.com,US,USA,UNITED STATES
101680,UATP,CREDIT,UATP,UNITED AIRLINES (UA),+18008648331,https://www.united.com,US,USA,UNITED STATES
101681,UATP,CREDIT,UATP,UNITED AIRLINES (UA),+18008648331,https://www.united.com,US,USA,UNITED STATES
101682,UATP,CREDIT,UATP,UNITED AIRLINES (UA),+18008648331,https://www.united.com,US,USA,UNITED STATES
101683,UATP,CREDIT,UATP,UNITED AIRLINES (UA),+18008648331,https://www.united.com,US,USA,UNITED STATES
101684,UATP,CREDIT,UATP,UNITED AIRLINES (UA),+18008648331,https://www.united.com,US,USA,UNITED STATES
101685,UATP,CREDIT,UATP,UNITED AIRLINES (UA),+18008648331,https://www.united.com,US,USA,UNITED STATES
101686,UATP,CREDIT,UATP,UNITED AIRLINES (UA),+18008648331,https://www.united.com,US,USA,UNITED STATES
101687,UATP,CREDIT,UATP,UNITED AIRLINES (UA),+18008648331,https://www.united.com,US,USA,UNITED STATES
101688,UATP,CREDIT,UATP,UNITED AIRLINES (UA),+18008648331,https://www.united.com,US,USA,UNITED STATES
101689,UATP,CREDIT,UATP,UNITED AIRLINES (UA),+18008648331,https://www.united.com,US,USA,UNITED STATES
101690,UATP,CREDIT,UATP,UNITED AIRLINES (UA),+18008648331,https://www.united.com,US,USA,UNITED STATES
101691,UATP,CREDIT,UATP,UNITED AIRLINES (UA),+18008648331,https://www.united.com,US,USA,UNITED STATES
101692,UATP,CREDIT,UATP,UNITED AIRLINES (UA),+18008648331,https://www.united.com,US,USA,UNITED STATES
101693,UATP,CREDIT,UATP,UNITED AIRLINES (UA),+18008648331,https://www.united.com,US,USA,UNITED STATES
101694,UATP,CREDIT,UATP,UNITED AIRLINES (UA),+18008648331,https://www.united.com,US,USA,UNITED STATES
101695,UATP,CREDIT,UATP,UNITED AIRLINES (UA),+18008648331,https://www.united.com,US,USA,UNITED STATES
101696,UATP,CREDIT,UATP,UNITED AIRLINES (UA),+18008648331,https://www.united.com,US,USA,UNITED STATES
101697,UATP,CREDIT,UATP,UNITED AIRLINES (UA),+18008648331,https://www.united.com,US,USA,UNITED STATES
101698,UATP,CREDIT,UATP,UNITED AIRLINES (UA),+18008648331,https://www.united.com,US,USA,UNITED STATES
101699,UATP,CREDIT,UATP,UNITED AIRLINES (UA),+18008648331,https://www.united.com,US,USA,UNITED STATES
102011,PRIVATE LABEL,DEBIT,,TBI BANK,,,BG,BGR,BULGARIA
103000,LOCAL BRAND,DEBIT,,AGRICULTURAL BANK OF CHINA,95599,http://www.abchina.com,CN,CHN,CHINA
103001,LOCAL BRAND,DEBIT,,AGRICULTURAL BANK OF CHINA,95599,http://www.abchina.com,CN,CHN,CHINA
103002,LOCAL BRAND,DEBIT,,AGRICULTURAL BANK OF CHINA,95599,http://www.abchina.com,CN,CHN,CHINA
103003,LOCAL BRAND,DEBIT,,AGRICULTURAL BANK OF CHINA,95599,http://www.abchina.com,CN,CHN,CHINA
103004,LOCAL BRAND,DEBIT,,AGRICULTURAL BANK OF CHINA,95599,http://www.abchina.com,CN,CHN,CHINA
103005,LOCAL BRAND,DEBIT,,AGRICULTURAL BANK OF CHINA,95599,http://www.abchina.com,CN,CHN,CHINA
103006,LOCAL BRAND,DEBIT,,AGRICULTURAL BANK OF CHINA,95599,http://www.abchina.com,CN,CHN,CHINA
103007,LOCAL BRAND,DEBIT,,AGRICULTURAL BANK OF CHINA,95599,http://www.abchina.com,CN,CHN,CHINA
103008,LOCAL BRAND,DEBIT,,AGRICULTURAL BANK OF CHINA,95599,http://www.abchina.com,CN,CHN,CHINA
103009,LOCAL BRAND,DEBIT,,AGRICULTURAL BANK OF CHINA,95599,http://www.abchina.com,CN,CHN,CHINA
103010,LOCAL BRAND,DEBIT,,AGRICULTURAL BANK OF CHINA,95599,http://www.abchina.com,CN,CHN,CHINA
103011,LOCAL BRAND,DEBIT,,AGRICULTURAL BANK OF CHINA,95599,http://www.abchina.com,CN,CHN,CHINA
103012,LOCAL BRAND,DEBIT,,AGRICULTURAL BANK OF CHINA,95599,http://www.abchina.com,CN,CHN,CHINA
103013,LOCAL BRAND,DEBIT,,AGRICULTURAL BANK OF CHINA,95599,http://www.abchina.com,CN,CHN,CHINA
103014,LOCAL BRAND,DEBIT,,AGRICULTURAL BANK OF CHINA,95599,http://www.abchina.com,CN,CHN,CHINA
103015,LOCAL BRAND,DEBIT,,AGRICULTURAL BANK OF CHINA,95599,http://www.abchina.com,CN,CHN,CHINA
103016,LOCAL BRAND,DEBIT,,AGRICULTURAL BANK OF CHINA,95599,http://www.abchina.com,CN,CHN,CHINA
103017,LOCAL BRAND,DEBIT,,AGRICULTURAL BANK OF CHINA,95599,http://www.abchina.com,CN,CHN,CHINA
103018,LOCAL BRAND,DEBIT,,AGRICULTURAL BANK OF CHINA,95599,http://www.abchina.com,CN,CHN,CHINA
103019,LOCAL BRAND,DEBIT,,AGRICULTURAL BANK OF CHINA,95599,http://www.abchina.com,CN,CHN,CHINA
103020,LOCAL BRAND,DEBIT,,AGRICULTURAL BANK OF CHINA,95599,http://www.abchina.com,CN,CHN,CHINA
103021,LOCAL BRAND,DEBIT,,AGRICULTURAL BANK OF CHINA,95599,http://www.abchina.com,CN,CHN,CHINA
103022,LOCAL BRAND,DEBIT,,AGRICULTURAL BANK OF CHINA,95599,http://www.abchina.com,CN,CHN,CHINA
103023,LOCAL BRAND,DEBIT,,AGRICULTURAL BANK OF CHINA,95599,http://www.abchina.com,CN,CHN,CHINA
103024,LOCAL BRAND,DEBIT,,AGRICULTURAL BANK OF CHINA,95599,http://www.abchina.com,CN,CHN,CHINA
103025,LOCAL BRAND,DEBIT,,AGRICULTURAL BANK OF CHINA,95599,http://www.abchina.com,CN,CHN,CHINA
103026,LOCAL BRAND,DEBIT,,AGRICULTURAL BANK OF CHINA,95599,http://www.abchina.com,CN,CHN,CHINA
103027,LOCAL BRAND,DEBIT,,AGRICULTURAL BANK OF CHINA,95599,http://www.abchina.com,CN,CHN,CHINA
103028,LOCAL BRAND,DEBIT,,AGRICULTURAL BANK OF CHINA,95599,http://www.abchina.com,CN,CHN,CHINA
103029,LOCAL BRAND,DEBIT,,AGRICULTURAL BANK OF CHINA,95599,http://www.abchina.com,CN,CHN,CHINA
103030,LOCAL BRAND,DEBIT,,AGRICULTURAL BANK OF CHINA,95599,http://www.abchina.com,CN,CHN,CHINA
103031,LOCAL BRAND,DEBIT,,AGRICULTURAL BANK OF CHINA,95599,http://www.abchina.com,CN,CHN,CHINA
103032,LOCAL BRAND,DEBIT,,AGRICULTURAL BANK OF CHINA,95599,http://www.abchina.com,CN,CHN,CHINA
103033,LOCAL BRAND,DEBIT,,AGRICULTURAL BANK OF CHINA,95599,http://www.abchina.com,CN,CHN,CHINA
103034,LOCAL BRAND,DEBIT,,AGRICULTURAL BANK OF CHINA,95599,http://www.abchina.com,CN,CHN,CHINA
103035,LOCAL BRAND,DEBIT,,AGRICULTURAL BANK OF CHINA,95599,http://www.abchina.com,CN,CHN,CHINA
103036,LOCAL BRAND,DEBIT,,AGRICULTURAL BANK OF CHINA,95599,http://www.abchina.com,CN,CHN,CHINA
103037,LOCAL BRAND,DEBIT,,AGRICULTURAL BANK OF CHINA,95599,http://www.abchina.com,CN,CHN,CHINA
103038,LOCAL BRAND,DEBIT,,AGRICULTURAL BANK OF CHINA,95599,http://www.abchina.com,CN,CHN,CHINA
103039,LOCAL BRAND,DEBIT,,AGRICULTURAL BANK OF CHINA,95599,http://www.abchina.com,CN,CHN,CHINA
103040,LOCAL BRAND,DEBIT,,AGRICULTURAL BANK OF CHINA,95599,http://www.abchina.com,CN,CHN,CHINA
103041,LOCAL BRAND,DEBIT,,AGRICULTURAL BANK OF CHINA,95599,http://www.abchina.com,CN,CHN,CHINA
103042,LOCAL BRAND,DEBIT,,AGRICULTURAL BANK OF CHINA,95599,http://www.abchina.com,CN,CHN,CHINA
103043,LOCAL BRAND,DEBIT,,AGRICULTURAL BANK OF CHINA,95599,http://www.abchina.com,CN,CHN,CHINA
103044,LOCAL BRAND,DEBIT,,AGRICULTURAL BANK OF CHINA,95599,http://www.abchina.com,CN,CHN,CHINA
103045,LOCAL BRAND,DEBIT,,AGRICULTURAL BANK OF CHINA,95599,http://www.abchina.com,CN,CHN,CHINA
103046,LOCAL BRAND,DEBIT,,AGRICULTURAL BANK OF CHINA,95599,http://www.abchina.com,CN,CHN,CHINA
103047,LOCAL BRAND,DEBIT,,AGRICULTURAL BANK OF CHINA,95599,http://www.abchina.com,CN,CHN,CHINA
103048,LOCAL BRAND,DEBIT,,AGRICULTURAL BANK OF CHINA,95599,http://www.abchina.com,CN,CHN,CHINA
103049,LOCAL BRAND,DEBIT,,AGRICULTURAL BANK OF CHINA,95599,http://www.abchina.com,CN,CHN,CHINA
103050,LOCAL BRAND,DEBIT,,AGRICULTURAL BANK OF CHINA,95599,http://www.abchina.com,CN,CHN,CHINA
103051,LOCAL BRAND,DEBIT,,AGRICULTURAL BANK OF CHINA,95599,http://www.abchina.com,CN,CHN,CHINA
103052,LOCAL BRAND,DEBIT,,AGRICULTURAL BANK OF CHINA,95599,http://www.abchina.com,CN,CHN,CHINA
103053,LOCAL BRAND,DEBIT,,AGRICULTURAL BANK OF CHINA,95599,http://www.abchina.com,CN,CHN,CHINA
103054,LOCAL BRAND,DEBIT,,AGRICULTURAL BANK OF CHINA,95599,http://www.abchina.com,CN,CHN,CHINA
103055,LOCAL BRAND,DEBIT,,AGRICULTURAL BANK OF CHINA,95599,http://www.abchina.com,CN,CHN,CHINA
103056,LOCAL BRAND,DEBIT,,AGRICULTURAL BANK OF CHINA,95599,http://www.abchina.com,CN,CHN,CHINA
103057,LOCAL BRAND,DEBIT,,AGRICULTURAL BANK OF CHINA,95599,http://www.abchina.com,CN,CHN,CHINA
103058,LOCAL BRAND,DEBIT,,AGRICULTURAL BANK OF CHINA,95599,http://www.abchina.com,CN,CHN,CHINA
103059,LOCAL BRAND,DEBIT,,AGRICULTURAL BANK OF CHINA,95599,http://www.abchina.com,CN,CHN,CHINA
103060,LOCAL BRAND,DEBIT,,AGRICULTURAL BANK OF CHINA,95599,http://www.abchina.com,CN,CHN,CHINA
103061,LOCAL BRAND,DEBIT,,AGRICULTURAL BANK OF CHINA,95599,http://www.abchina.com,CN,CHN,CHINA
103062,LOCAL BRAND,DEBIT,,AGRICULTURAL BANK OF CHINA,95599,http://www.abchina.com,CN,CHN,CHINA
103063,LOCAL BRAND,DEBIT,,AGRICULTURAL BANK OF CHINA,95599,http://www.abchina.com,CN,CHN,CHINA
103064,LOCAL BRAND,DEBIT,,AGRICULTURAL BANK OF CHINA,95599,http://www.abchina.com,CN,CHN,CHINA
103065,LOCAL BRAND,DEBIT,,AGRICULTURAL BANK OF CHINA,95599,http://www.abchina.com,CN,CHN,CHINA
103066,LOCAL BRAND,DEBIT,,AGRICULTURAL BANK OF CHINA,95599,http://www.abchina.com,CN,CHN,CHINA
